week_start,month_start,device_family,count_uniq_reading_device_family,count_uniq_cid,count_rows,log_total_positions_consumed
12/24/2018,12/1/2018,E-reader,0,41962,109833,10.15
12/24/2018,12/1/2018,Fire tablet,0,40056,98388,10.1
9/3/2018,9/1/2018,iPhone,0,21345,52065,9.71
3/25/2019,3/1/2019,KCR,0,19312,48969,10.39
11/5/2018,11/1/2018,KCR,0,18664,30412,9.68
1/7/2019,1/1/2019,iPhone,0,18600,43059,9.67
1/14/2019,1/1/2019,iPhone,0,18160,41789,9.67
7/16/2018,7/1/2018,E-reader,0,18010,40240,9.7
4/1/2019,4/1/2019,KCR,0,17468,42515,10.06
1/21/2019,1/1/2019,iPhone,0,17264,39848,9.65
12/31/2018,1/1/2019,iPhone,0,17057,42348,9.8
9/10/2018,9/1/2018,KCR,0,16771,28954,9.7
4/8/2019,4/1/2019,KCR,0,16355,46814,10.03
1/21/2019,1/1/2019,KCR,0,16083,38716,10
9/10/2018,9/1/2018,iPhone,0,16042,39006,9.6
11/12/2018,11/1/2018,E-reader,0,15961,22548,9.35
12/24/2018,12/1/2018,iPhone,0,15898,38709,9.64
9/24/2018,9/1/2018,KCR,0,15893,26565,9.81
3/18/2019,3/1/2019,KCR,0,15880,46054,10.11
2/18/2019,2/1/2019,iPhone,0,15782,37086,9.6
2/4/2019,2/1/2019,iPhone,0,15503,36350,9.61
8/20/2018,8/1/2018,iPhone,0,15489,36478,9.57
9/17/2018,9/1/2018,iPhone,0,15417,37086,9.6
9/3/2018,9/1/2018,Android Phone,0,15327,40049,9.72
4/22/2019,4/1/2019,KCR,0,14994,57307,10.16
11/19/2018,11/1/2018,KCR,0,14685,29973,9.82
8/6/2018,8/1/2018,iPhone,0,14663,36976,9.56
7/16/2018,7/1/2018,iPhone,0,14601,36675,9.57
2/11/2019,2/1/2019,iPhone,0,14364,33284,9.57
10/15/2018,10/1/2018,iPhone,0,14320,34380,9.54
7/9/2018,7/1/2018,iPhone,0,14262,35153,9.55
9/24/2018,9/1/2018,iPhone,0,14238,34696,9.55
7/23/2018,7/1/2018,iPhone,0,14054,35162,9.55
8/13/2018,8/1/2018,iPhone,0,14037,34596,9.52
1/7/2019,1/1/2019,Android Phone,0,13861,35431,9.7
1/14/2019,1/1/2019,KCR,0,13772,34484,9.78
10/8/2018,10/1/2018,iPhone,0,13763,33149,9.54
2/4/2019,2/1/2019,KCR,0,13713,34433,10.07
1/14/2019,1/1/2019,Android Phone,0,13697,34892,9.69
7/2/2018,7/1/2018,iPhone,0,13620,34911,9.57
12/24/2018,12/1/2018,Android Phone,0,13599,34239,9.71
10/22/2018,10/1/2018,iPhone,0,13529,34452,9.53
12/3/2018,12/1/2018,iPhone,0,13470,32503,9.54
10/1/2018,10/1/2018,iPhone,0,13394,31816,9.53
2/11/2019,2/1/2019,KCR,0,13344,32714,10
11/5/2018,11/1/2018,iPhone,0,13266,31671,9.54
1/21/2019,1/1/2019,Android Phone,0,13236,33621,9.67
5/14/2018,5/1/2018,iPhone,0,13116,31211,9.53
12/3/2018,12/1/2018,KCR,0,13113,27881,9.77
12/17/2018,12/1/2018,iPhone,0,13030,32170,9.56
3/4/2019,3/1/2019,iPhone,0,13022,29650,9.55
2/18/2019,2/1/2019,KCR,0,12994,38698,10.28
4/15/2019,4/1/2019,KCR,0,12982,39810,10.07
9/10/2018,9/1/2018,Android Phone,0,12832,32962,9.64
12/31/2018,1/1/2019,Android Phone,0,12809,32959,9.65
7/30/2018,8/1/2018,iPhone,0,12804,29409,9.47
5/21/2018,5/1/2018,KCR,0,12768,20211,9.85
1/7/2019,1/1/2019,KCR,0,12509,25943,9.54
12/10/2018,12/1/2018,iPhone,0,12456,30170,9.52
8/13/2018,8/1/2018,Android Phone,0,12433,31169,9.61
8/20/2018,8/1/2018,Android Phone,0,12409,31959,9.62
5/7/2018,5/1/2018,iPhone,0,12351,29452,9.52
3/11/2019,3/1/2019,KCR,0,12327,34572,9.93
10/15/2018,10/1/2018,KCR,0,12324,21496,9.72
5/20/2019,5/1/2019,KCR,0,12320,35450,10.1
8/27/2018,8/1/2018,iPhone,0,12300,24791,9.45
6/18/2018,6/1/2018,iPhone,0,12282,30558,9.54
5/6/2019,5/1/2019,KCR,0,12234,35574,9.98
6/4/2018,6/1/2018,iPhone,0,12193,28896,9.5
3/4/2019,3/1/2019,KCR,0,12158,36774,9.92
9/17/2018,9/1/2018,Android Phone,0,12153,32588,9.65
11/12/2018,11/1/2018,KCR,0,12059,21585,9.59
2/25/2019,2/1/2019,KCR,0,12012,36008,10.44
7/9/2018,7/1/2018,Android Phone,0,11995,31882,9.69
3/11/2019,3/1/2019,iPhone,0,11975,26554,9.51
5/21/2018,5/1/2018,iPhone,0,11954,28440,9.52
11/19/2018,11/1/2018,iPhone,0,11890,28424,9.47
9/24/2018,9/1/2018,Android Phone,0,11870,31034,9.62
3/18/2019,3/1/2019,iPhone,0,11863,26504,9.51
3/25/2019,3/1/2019,iPhone,0,11841,26268,9.53
7/23/2018,7/1/2018,Android Phone,0,11801,32018,9.64
3/4/2019,3/1/2019,Android Phone,0,11800,29656,9.62
2/18/2019,2/1/2019,Android Phone,0,11797,29837,9.64
6/11/2018,6/1/2018,iPhone,0,11788,29302,9.51
7/16/2018,7/1/2018,Android Phone,0,11772,31734,9.65
4/1/2019,4/1/2019,iPhone,0,11748,26896,9.52
2/4/2019,2/1/2019,Android Phone,0,11730,28971,9.59
10/22/2018,10/1/2018,KCR,0,11729,25056,9.91
12/31/2018,1/1/2019,E-reader,0,11728,24593,9.52
6/11/2018,6/1/2018,Android Phone,0,11709,30308,9.68
4/8/2019,4/1/2019,iPhone,0,11673,26103,9.49
5/27/2019,5/1/2019,KCR,0,11652,35685,10.17
10/15/2018,10/1/2018,Android Phone,0,11630,29229,9.6
5/13/2019,5/1/2019,KCR,0,11599,30480,10.04
11/12/2018,11/1/2018,iPhone,0,11548,29021,9.47
6/4/2018,6/1/2018,Android Phone,0,11542,29144,9.66
6/18/2018,6/1/2018,Android Phone,0,11510,29926,9.68
4/22/2019,4/1/2019,iPhone,0,11430,26525,9.53
12/17/2018,12/1/2018,E-reader,0,11429,21476,9.45
2/11/2019,2/1/2019,Android Phone,0,11426,28313,9.57
7/2/2018,7/1/2018,Android Phone,0,11415,30432,9.68
10/1/2018,10/1/2018,Android Phone,0,11347,30149,9.61
5/13/2019,5/1/2019,iPhone,0,11343,26062,9.52
5/20/2019,5/1/2019,iPhone,0,11314,26065,9.5
4/15/2019,4/1/2019,iPhone,0,11227,25056,9.48
10/8/2018,10/1/2018,Android Phone,0,11218,29660,9.59
10/29/2018,11/1/2018,KCR,0,11167,16928,9.42
5/14/2018,5/1/2018,Android Phone,0,11149,28991,9.65
12/3/2018,12/1/2018,Android Phone,0,11100,30629,9.68
8/6/2018,8/1/2018,Android Phone,0,11044,28510,9.62
11/26/2018,11/1/2018,iPhone,0,11033,23742,9.35
6/25/2018,6/1/2018,iPhone,0,10972,25769,9.45
12/17/2018,12/1/2018,Android Phone,0,10827,29258,9.6
10/22/2018,10/1/2018,Android Phone,0,10805,28573,9.63
1/28/2019,1/1/2019,KCR,0,10767,25725,10.01
11/5/2018,11/1/2018,Android Phone,0,10755,27979,9.58
5/7/2018,5/1/2018,Android Phone,0,10712,27725,9.63
12/10/2018,12/1/2018,Android Phone,0,10693,28531,9.59
3/11/2019,3/1/2019,Android Phone,0,10672,26843,9.59
5/21/2018,5/1/2018,Android Phone,0,10631,27553,9.61
5/6/2019,5/1/2019,iPhone,0,10539,24101,9.51
4/1/2019,4/1/2019,Android Phone,0,10492,26124,9.56
4/8/2019,4/1/2019,Android Phone,0,10441,25159,9.58
4/30/2018,5/1/2018,iPhone,0,10423,23058,9.42
11/26/2018,11/1/2018,KCR,0,10393,21428,9.69
11/19/2018,11/1/2018,Android Phone,0,10342,26305,9.59
10/1/2018,10/1/2018,KCR,0,10265,21690,9.6
10/8/2018,10/1/2018,KCR,0,10261,20315,9.65
11/19/2018,11/1/2018,E-reader,0,10243,17441,9.27
1/28/2019,1/1/2019,iPhone,0,10180,19516,9.36
9/3/2018,9/1/2018,KCR,0,10157,17910,9.68
7/23/2018,7/1/2018,E-reader,0,10076,21108,9.42
3/18/2019,3/1/2019,Android Phone,0,10048,24899,9.56
3/25/2019,3/1/2019,Android Phone,0,10022,25133,9.55
8/13/2018,8/1/2018,E-reader,0,9920,18093,9.29
1/28/2019,2/1/2019,iPhone,0,9856,18919,9.32
10/29/2018,11/1/2018,iPhone,0,9850,21402,9.37
12/10/2018,12/1/2018,E-reader,0,9849,18192,9.35
9/17/2018,9/1/2018,KCR,0,9771,23623,9.72
4/15/2019,4/1/2019,Android Phone,0,9753,24346,9.55
1/7/2019,1/1/2019,E-reader,0,9747,20235,9.44
12/24/2018,12/1/2018,KCR,0,9712,19503,9.82
4/22/2019,4/1/2019,Android Phone,0,9684,24594,9.6
6/25/2018,6/1/2018,Android Phone,0,9682,24079,9.57
4/29/2019,5/1/2019,iPhone,0,9643,21745,9.44
11/12/2018,11/1/2018,Android Phone,0,9643,26083,9.58
2/11/2019,2/1/2019,E-reader,0,9617,18794,9.34
4/8/2019,4/1/2019,E-reader,0,9580,16796,9.26
1/14/2019,1/1/2019,E-reader,0,9544,18705,9.4
4/30/2018,5/1/2018,Android Phone,0,9492,21899,9.55
5/6/2019,5/1/2019,E-reader,0,9340,18614,9.4
8/6/2018,8/1/2018,E-reader,0,9192,17921,9.32
1/21/2019,1/1/2019,E-reader,0,9174,18042,9.35
4/29/2019,5/1/2019,KCR,0,9069,30668,9.89
7/30/2018,8/1/2018,Android Phone,0,9056,22830,9.53
12/10/2018,12/1/2018,KCR,0,9001,19532,9.59
8/27/2018,8/1/2018,Android Phone,0,8986,20465,9.46
6/18/2018,6/1/2018,E-reader,0,8983,17553,9.39
8/20/2018,8/1/2018,E-reader,0,8916,17371,9.38
5/13/2019,5/1/2019,E-reader,0,8893,18073,9.35
7/9/2018,7/1/2018,E-reader,0,8885,18735,9.38
2/25/2019,2/1/2019,iPhone,0,8884,17165,9.31
4/22/2019,4/1/2019,E-reader,0,8845,16882,9.38
6/11/2018,6/1/2018,E-reader,0,8832,16983,9.24
5/27/2019,5/1/2019,iPhone,0,8808,18233,9.42
8/27/2018,8/1/2018,KCR,0,8805,13253,9.73
8/20/2018,8/1/2018,KCR,0,8738,16238,9.93
10/29/2018,11/1/2018,Android Phone,0,8628,20631,9.45
5/20/2019,5/1/2019,E-reader,0,8601,17420,9.36
12/31/2018,1/1/2019,KCR,0,8517,16429,9.53
5/7/2018,5/1/2018,E-reader,0,8506,15863,9.26
3/11/2019,3/1/2019,E-reader,0,8461,16422,9.27
12/3/2018,12/1/2018,E-reader,0,8451,16654,9.34
9/10/2018,9/1/2018,E-reader,0,8357,15821,9.26
4/15/2019,4/1/2019,E-reader,0,8304,16073,9.31
6/4/2018,6/1/2018,E-reader,0,8282,16280,9.27
2/25/2019,3/1/2019,iPhone,0,8263,15730,9.29
11/26/2018,11/1/2018,Android Phone,0,8214,18962,9.4
9/3/2018,9/1/2018,E-reader,0,8207,16512,9.28
8/6/2018,8/1/2018,KCR,0,8156,18100,9.74
2/18/2019,2/1/2019,E-reader,0,8075,16006,9.3
5/13/2019,5/1/2019,Android Phone,0,8063,19235,9.51
6/4/2018,6/1/2018,KCR,0,8029,11614,9.18
8/13/2018,8/1/2018,KCR,0,8013,18175,9.79
7/2/2018,7/1/2018,E-reader,0,7990,16374,9.29
1/28/2019,2/1/2019,KCR,0,7989,16958,9.58
1/28/2019,2/1/2019,Android Phone,0,7937,16717,9.42
3/25/2019,3/1/2019,E-reader,0,7913,15423,9.26
3/18/2019,3/1/2019,E-reader,0,7818,14792,9.23
9/17/2018,9/1/2018,E-reader,0,7733,15252,9.27
12/17/2018,12/1/2018,KCR,0,7660,15085,9.57
5/6/2019,5/1/2019,Android Phone,0,7649,17666,9.47
5/20/2019,5/1/2019,Android Phone,0,7637,17897,9.44
3/4/2019,3/1/2019,E-reader,0,7624,15042,9.32
5/28/2018,6/1/2018,iPhone,0,7620,15059,9.23
5/14/2018,5/1/2018,E-reader,0,7620,15738,9.28
5/14/2018,5/1/2018,KCR,0,7599,12462,9.41
5/21/2018,5/1/2018,E-reader,0,7577,15255,9.31
4/1/2019,4/1/2019,E-reader,0,7520,14854,9.28
2/4/2019,2/1/2019,E-reader,0,7488,15789,9.3
7/16/2018,7/1/2018,Fire tablet,0,7471,16303,9.37
7/30/2018,8/1/2018,E-reader,0,7468,14517,9.19
8/27/2018,9/1/2018,iPhone,0,7465,12722,9.16
11/26/2018,12/1/2018,iPhone,0,7317,12644,9.11
2/25/2019,3/1/2019,Android Phone,0,7237,15182,9.35
10/1/2018,10/1/2018,E-reader,0,7232,14136,9.27
1/28/2019,1/1/2019,Android Phone,0,7222,15090,9.32
9/24/2018,9/1/2018,E-reader,0,7202,13940,9.16
4/29/2019,5/1/2019,E-reader,0,7192,13948,9.2
7/16/2018,7/1/2018,KCR,0,7134,18484,9.86
5/28/2018,5/1/2018,iPhone,0,7101,13796,9.19
9/3/2018,9/1/2018,iPhone,1,7058,14883,9.25
7/23/2018,7/1/2018,KCR,0,7053,14372,9.73
10/8/2018,10/1/2018,E-reader,0,7038,13964,9.21
5/28/2018,6/1/2018,Android Phone,0,6959,14972,9.39
6/18/2018,6/1/2018,KCR,0,6932,11425,9.59
4/29/2019,5/1/2019,Android Phone,0,6857,15234,9.39
6/25/2018,6/1/2018,E-reader,0,6714,12824,9.19
7/9/2018,7/1/2018,KCR,0,6689,13155,9.36
10/15/2018,10/1/2018,E-reader,0,6653,13055,9.15
11/26/2018,11/1/2018,E-reader,0,6618,11538,9.23
12/17/2018,12/1/2018,Fire tablet,0,6529,13694,9.38
11/5/2018,11/1/2018,E-reader,0,6490,12708,9.14
2/25/2019,2/1/2019,Android Phone,0,6428,13439,9.28
5/28/2018,5/1/2018,KCR,0,6415,11157,9.35
4/30/2018,5/1/2018,KCR,0,6353,9493,9.26
5/7/2018,5/1/2018,KCR,0,6278,11540,9.45
7/2/2018,7/1/2018,KCR,0,6176,12733,9.42
4/30/2018,5/1/2018,E-reader,0,6136,11202,9.11
8/27/2018,9/1/2018,Android Phone,0,6126,11787,9.23
10/22/2018,10/1/2018,E-reader,0,6116,11796,9.09
5/28/2018,5/1/2018,Android Phone,0,6054,12826,9.26
12/31/2018,1/1/2019,Fire tablet,0,6051,14089,9.35
8/20/2018,8/1/2018,iPhone,1,5914,12658,9.2
2/25/2019,3/1/2019,KCR,0,5913,16035,9.53
8/27/2018,8/1/2018,E-reader,0,5880,10183,9.04
9/3/2018,9/1/2018,KCR,1,5880,8537,8.98
1/7/2019,1/1/2019,iPad,0,5784,13007,9.18
11/26/2018,12/1/2018,Android Phone,0,5767,11107,9.18
5/27/2019,5/1/2019,E-reader,0,5765,10922,9.16
12/24/2018,12/1/2018,Fire tablet,1,5729,20053,9.41
5/27/2019,5/1/2019,Android Phone,0,5694,11620,9.31
8/27/2018,8/1/2018,iPhone,1,5664,10004,9.13
8/27/2018,8/1/2018,K4Mac,0,5567,9239,9.24
9/3/2018,9/1/2018,K4Mac,0,5563,9682,9.34
10/29/2018,10/1/2018,iPhone,0,5531,10383,9.01
9/10/2018,9/1/2018,iPhone,1,5470,11226,9.11
1/7/2019,1/1/2019,iPhone,1,5453,11805,9.19
12/24/2018,12/1/2018,iPad,0,5448,12759,9.13
1/14/2019,1/1/2019,iPhone,1,5398,11024,9.14
7/30/2018,8/1/2018,KCR,0,5394,11785,9.4
5/28/2018,6/1/2018,E-reader,0,5257,9518,9.05
11/19/2018,11/1/2018,Fire tablet,0,5232,10948,9.25
1/14/2019,1/1/2019,iPad,0,5224,11336,9.13
1/21/2019,1/1/2019,iPhone,1,5126,10191,9.08
12/24/2018,12/1/2018,E-reader,1,5123,19944,9.5
6/11/2018,6/1/2018,KCR,0,5105,8977,9.24
12/31/2018,1/1/2019,iPad,0,5080,12248,9.11
9/10/2018,9/1/2018,KCR,1,5048,7406,8.98
8/20/2018,8/1/2018,iPad,0,5033,10751,9.06
1/28/2019,2/1/2019,E-reader,0,4977,8816,9.12
6/25/2018,6/1/2018,KCR,0,4922,8172,9.32
1/21/2019,1/1/2019,iPad,0,4919,10722,9.12
9/3/2018,9/1/2018,iPad,0,4877,10639,9.11
1/14/2019,1/1/2019,KCR,1,4867,7104,8.91
2/25/2019,3/1/2019,E-reader,0,4863,8673,9.02
7/16/2018,7/1/2018,iPhone,1,4855,11603,9.09
10/29/2018,10/1/2018,KCR,0,4831,11663,9.55
1/7/2019,1/1/2019,KCR,1,4814,7152,8.85
12/24/2018,12/1/2018,iPhone,1,4688,10413,9.03
9/17/2018,9/1/2018,iPhone,1,4679,10296,9.09
11/26/2018,12/1/2018,E-reader,0,4618,7528,9
1/21/2019,1/1/2019,KCR,1,4592,7085,8.88
9/3/2018,9/1/2018,K4PC,0,4582,8230,9.3
1/28/2019,1/1/2019,E-reader,0,4543,7346,8.92
4/29/2019,4/1/2019,E-reader,0,4540,5580,8.79
9/17/2018,9/1/2018,KCR,1,4520,6979,8.96
8/27/2018,8/1/2018,KCR,1,4514,6194,8.78
2/18/2019,2/1/2019,iPad,0,4514,10690,9.09
9/10/2018,9/1/2018,iPad,0,4510,9778,9.05
8/27/2018,8/1/2018,K4PC,0,4498,7959,9.36
10/29/2018,10/1/2018,Android Phone,0,4424,8570,9.05
12/31/2018,1/1/2019,iPhone,1,4421,10727,9.23
1/14/2019,1/1/2019,K4Mac,0,4373,7333,9.2
2/4/2019,2/1/2019,iPad,0,4360,10088,9.04
8/13/2018,8/1/2018,iPhone,1,4358,9546,9.01
1/21/2019,1/1/2019,K4Mac,0,4321,7037,9.18
8/20/2018,8/1/2018,KCR,1,4318,6440,8.84
2/11/2019,2/1/2019,iPad,0,4270,9720,9
9/24/2018,9/1/2018,iPhone,1,4241,8976,9.11
6/25/2018,7/1/2018,iPhone,0,4238,5717,8.78
4/29/2019,4/1/2019,KCR,0,4237,14288,9.58
8/27/2018,9/1/2018,E-reader,0,4225,6890,9.04
8/20/2018,8/1/2018,K4Mac,0,4192,7197,9.13
8/20/2018,8/1/2018,K4PC,0,4156,8022,9.31
7/9/2018,7/1/2018,iPhone,1,4153,9772,9.02
9/17/2018,9/1/2018,iPad,0,4139,9278,9.06
10/29/2018,11/1/2018,E-reader,0,4117,7385,8.98
8/13/2018,8/1/2018,iPad,0,4116,9015,8.98
7/16/2018,7/1/2018,E-reader,1,4106,12616,9.23
9/24/2018,9/1/2018,KCR,1,4083,6181,8.9
6/4/2018,6/1/2018,iPhone,1,4079,9279,9.06
7/30/2018,7/1/2018,iPhone,0,4073,6572,8.79
5/14/2018,5/1/2018,iPhone,1,4070,9236,9.03
2/25/2019,2/1/2019,E-reader,0,4064,6616,8.8
7/23/2018,7/1/2018,iPhone,1,4045,9523,9.11
12/10/2018,12/1/2018,Fire tablet,0,4044,8426,9.21
2/4/2019,2/1/2019,iPhone,1,3982,8450,9.06
1/14/2019,1/1/2019,K4PC,0,3961,7271,9.32
1/7/2019,1/1/2019,Fire tablet,0,3958,9019,9.27
10/1/2018,10/1/2018,iPhone,1,3946,8584,9.05
8/6/2018,8/1/2018,iPhone,1,3940,9382,8.99
1/21/2019,1/1/2019,K4PC,0,3940,7684,9.42
9/10/2018,9/1/2018,K4Mac,0,3939,6796,9.22
5/7/2018,5/1/2018,iPhone,1,3891,8907,9.02
7/2/2018,7/1/2018,iPhone,1,3863,8918,9.05
5/21/2018,5/1/2018,iPhone,1,3843,8935,9.06
11/5/2018,11/1/2018,iPad,0,3841,8799,8.87
10/1/2018,10/1/2018,KCR,1,3813,5785,8.82
5/28/2018,5/1/2018,E-reader,0,3813,6590,8.78
2/4/2019,2/1/2019,KCR,1,3803,5651,8.84
8/27/2018,8/1/2018,iPad,0,3793,7459,8.93
7/16/2018,7/1/2018,iPad,0,3759,8936,9
7/23/2018,7/1/2018,Fire tablet,0,3742,8949,9.3
10/22/2018,10/1/2018,iPad,0,3734,9267,8.9
6/18/2018,6/1/2018,iPhone,1,3732,8686,9.01
7/16/2018,7/1/2018,KCR,1,3728,5822,8.8
10/8/2018,10/1/2018,iPhone,1,3719,8099,8.96
7/2/2018,7/1/2018,iPad,0,3713,9039,8.95
12/3/2018,12/1/2018,iPad,0,3706,8575,8.96
6/25/2018,7/1/2018,Android Phone,0,3696,5498,8.97
10/15/2018,10/1/2018,iPad,0,3681,8907,8.93
10/15/2018,10/1/2018,iPhone,1,3681,8214,9.03
5/14/2018,5/1/2018,KCR,1,3626,5533,8.82
10/8/2018,10/1/2018,KCR,1,3622,5404,8.8
12/3/2018,12/1/2018,Fire tablet,0,3620,7938,9.27
1/7/2019,1/1/2019,K4Mac,0,3611,6264,9.12
11/19/2018,11/1/2018,iPad,0,3601,7983,8.83
6/11/2018,6/1/2018,iPhone,1,3560,8313,8.98
10/15/2018,10/1/2018,KCR,1,3555,5499,8.83
5/7/2018,5/1/2018,KCR,1,3553,5487,8.8
2/11/2019,2/1/2019,iPhone,1,3552,7582,8.98
1/7/2019,1/1/2019,K4PC,0,3545,7354,9.31
8/13/2018,8/1/2018,KCR,1,3541,5454,8.73
2/18/2019,2/1/2019,iPhone,1,3526,7736,8.94
7/30/2018,8/1/2018,iPhone,1,3514,8063,8.96
2/11/2019,2/1/2019,KCR,1,3479,5239,8.8
8/6/2018,8/1/2018,iPad,0,3474,8067,8.95
10/22/2018,10/1/2018,iPhone,1,3464,7627,8.97
9/24/2018,9/1/2018,iPad,0,3448,7600,8.96
7/9/2018,7/1/2018,KCR,1,3440,5370,8.79
11/5/2018,11/1/2018,iPhone,1,3428,7769,8.97
6/18/2018,6/1/2018,iPad,0,3416,7713,8.92
7/9/2018,7/1/2018,iPad,0,3401,7867,8.96
12/31/2018,1/1/2019,KCR,1,3401,5185,8.74
10/8/2018,10/1/2018,iPad,0,3395,7413,8.94
7/23/2018,7/1/2018,iPad,0,3387,7943,8.92
6/4/2018,6/1/2018,KCR,1,3383,5387,8.81
4/29/2019,4/1/2019,iPhone,0,3375,5094,8.81
5/21/2018,5/1/2018,KCR,1,3349,5241,8.76
12/24/2018,12/1/2018,KCR,1,3341,5414,8.9
2/18/2019,2/1/2019,KCR,1,3328,5112,8.81
3/4/2019,3/1/2019,iPad,0,3327,7250,8.99
1/14/2019,1/1/2019,Fire tablet,0,3323,7453,9.15
12/10/2018,12/1/2018,iPad,0,3314,7600,8.9
12/3/2018,12/1/2018,iPhone,1,3311,7772,9.04
11/26/2018,12/1/2018,KCR,0,3305,5385,8.99
5/7/2018,5/1/2018,iPad,0,3303,7532,8.95
9/10/2018,9/1/2018,K4PC,0,3303,6675,9.23
7/30/2018,7/1/2018,Android Phone,0,3302,5916,8.83
12/17/2018,12/1/2018,iPad,0,3297,7560,8.89
10/1/2018,10/1/2018,iPad,0,3296,7618,8.95
10/22/2018,10/1/2018,KCR,1,3290,4971,8.75
5/7/2018,5/1/2018,Fire tablet,0,3289,7382,9.12
5/21/2018,5/1/2018,iPad,0,3283,7225,8.94
6/25/2018,6/1/2018,iPhone,1,3272,7167,8.95
3/11/2019,3/1/2019,iPad,0,3259,6760,8.91
3/4/2019,3/1/2019,iPhone,1,3244,6980,8.98
6/4/2018,6/1/2018,iPad,0,3222,7301,8.91
9/3/2018,9/1/2018,Android Phone,1,3219,7654,9
5/14/2018,5/1/2018,iPad,0,3217,7177,9
11/5/2018,11/1/2018,KCR,1,3215,5013,8.75
1/21/2019,1/1/2019,Fire tablet,0,3214,7413,9.21
7/2/2018,7/1/2018,KCR,1,3198,4924,8.76
6/18/2018,6/1/2018,Fire tablet,0,3197,7657,9.1
4/30/2018,5/1/2018,iPhone,1,3182,6903,8.98
8/6/2018,8/1/2018,KCR,1,3181,4896,8.74
5/14/2018,5/1/2018,Fire tablet,0,3179,7668,9.14
7/23/2018,7/1/2018,KCR,1,3171,5013,8.74
6/11/2018,6/1/2018,Fire tablet,0,3159,7402,9.05
8/20/2018,8/1/2018,Fire tablet,0,3157,7347,9.26
11/19/2018,11/1/2018,iPhone,1,3150,7444,9
9/3/2018,9/1/2018,iPad,1,3134,7021,9
6/18/2018,6/1/2018,KCR,1,3124,4868,8.77
6/11/2018,6/1/2018,KCR,1,3115,4830,8.78
7/30/2018,8/1/2018,iPad,0,3105,6554,8.87
11/26/2018,11/1/2018,Fire tablet,0,3087,6172,9.05
5/21/2018,5/1/2018,Fire tablet,0,3072,7574,9.16
8/27/2018,8/1/2018,K4PC,1,3070,5039,9.02
3/4/2019,3/1/2019,KCR,1,3068,4515,8.82
12/3/2018,12/1/2018,KCR,1,3067,4961,8.8
12/17/2018,12/1/2018,iPhone,1,3064,7183,8.91
2/18/2019,2/1/2019,Fire tablet,0,3063,7185,9.14
12/10/2018,12/1/2018,iPhone,1,3059,7269,8.88
11/26/2018,11/1/2018,iPad,0,3059,6474,8.72
9/3/2018,9/1/2018,K4PC,1,3033,5323,9.06
11/12/2018,11/1/2018,iPad,0,3010,7107,8.83
6/11/2018,6/1/2018,iPad,0,3004,6754,8.86
1/28/2019,1/1/2019,iPhone,1,2999,5195,8.86
6/4/2018,6/1/2018,Fire tablet,0,2993,7050,9.02
9/3/2018,9/1/2018,K4Mac,1,2987,5064,9
8/20/2018,8/1/2018,iPad,1,2958,6668,8.97
3/4/2019,3/1/2019,Fire tablet,0,2950,6947,9.21
11/12/2018,11/1/2018,iPhone,1,2948,6981,8.87
8/27/2018,8/1/2018,K4Mac,1,2937,4788,8.91
4/22/2019,4/1/2019,iPad,0,2925,6277,8.92
5/20/2019,5/1/2019,iPad,0,2924,6221,8.92
3/18/2019,3/1/2019,iPad,0,2915,6161,8.86
4/30/2018,5/1/2018,KCR,1,2907,4347,8.73
11/26/2018,11/1/2018,iPhone,1,2903,6079,8.87
2/11/2019,2/1/2019,Fire tablet,0,2902,6826,9.24
5/13/2019,5/1/2019,iPad,0,2896,6203,8.93
1/28/2019,2/1/2019,iPad,0,2882,5313,8.83
8/20/2018,8/1/2018,K4PC,1,2879,5044,8.99
6/25/2018,6/1/2018,iPad,0,2876,6413,8.85
12/24/2018,12/1/2018,Android Tablet,0,2874,7534,9.03
4/30/2018,5/1/2018,iPad,0,2873,6016,8.98
4/1/2019,4/1/2019,KCR,1,2867,4244,8.71
3/11/2019,3/1/2019,iPhone,1,2861,6145,8.92
11/12/2018,11/1/2018,KCR,1,2858,4515,8.73
1/28/2019,1/1/2019,iPad,0,2850,5441,8.86
4/1/2019,4/1/2019,iPad,0,2843,6062,8.91
3/25/2019,3/1/2019,iPad,0,2837,6078,8.91
3/18/2019,3/1/2019,KCR,1,2834,4308,8.72
4/1/2019,4/1/2019,iPhone,1,2828,6043,8.89
12/10/2018,12/1/2018,KCR,1,2826,4299,8.81
3/11/2019,3/1/2019,KCR,1,2818,4348,8.64
3/25/2019,3/1/2019,Fire tablet,0,2815,6489,9.16
2/4/2019,2/1/2019,Fire tablet,0,2804,6408,9.2
11/19/2018,11/1/2018,KCR,1,2801,4248,8.72
5/28/2018,6/1/2018,KCR,0,2800,4141,8.78
7/9/2018,7/1/2018,Fire tablet,0,2800,6508,9.08
3/25/2019,3/1/2019,iPhone,1,2780,5878,8.91
8/27/2018,9/1/2018,iPhone,1,2772,4257,8.71
4/8/2019,4/1/2019,KCR,1,2771,4286,8.66
1/7/2019,1/1/2019,iPad,1,2766,6498,8.94
1/28/2019,1/1/2019,K4Mac,0,2765,4011,8.99
8/13/2018,8/1/2018,Fire tablet,0,2764,6315,8.99
5/6/2019,5/1/2019,iPad,0,2763,5845,8.88
8/6/2018,8/1/2018,Fire tablet,0,2756,6173,8.99
3/18/2019,3/1/2019,iPhone,1,2742,6099,8.85
11/26/2018,12/1/2018,Fire tablet,0,2737,4720,8.85
4/15/2019,4/1/2019,iPad,0,2724,5800,8.88
7/2/2018,7/1/2018,Fire tablet,0,2715,6494,9.03
6/25/2018,6/1/2018,Fire tablet,0,2714,6024,8.97
12/17/2018,12/1/2018,KCR,1,2709,4354,8.69
3/25/2019,3/1/2019,KCR,1,2702,4097,8.66
6/25/2018,6/1/2018,KCR,1,2700,4138,8.65
1/28/2019,2/1/2019,iPhone,1,2695,4792,8.79
4/8/2019,4/1/2019,iPad,0,2691,5569,8.86
1/28/2019,1/1/2019,KCR,1,2690,3662,8.65
1/14/2019,1/1/2019,iPad,1,2688,6049,8.92
2/4/2019,2/1/2019,K4PC,0,2683,5686,9.31
10/29/2018,11/1/2018,iPad,0,2669,5463,8.82
9/3/2018,9/1/2018,Fire tablet,0,2662,6151,9.03
8/27/2018,9/1/2018,KCR,0,2656,3798,9.04
2/25/2019,3/1/2019,Fire tablet,0,2655,5138,9.13
8/20/2018,8/1/2018,Android Phone,1,2640,6212,8.98
11/26/2018,11/1/2018,KCR,1,2639,4057,8.7
10/15/2018,10/1/2018,Fire tablet,0,2636,5563,9.14
4/1/2019,4/1/2019,Fire tablet,0,2635,6162,9.19
3/11/2019,3/1/2019,Fire tablet,0,2634,6033,9.11
7/30/2018,8/1/2018,KCR,1,2625,3968,8.67
5/7/2018,5/1/2018,Android Tablet,0,2605,5096,9.28
2/4/2019,2/1/2019,K4Mac,0,2603,4182,9.03
6/25/2018,7/1/2018,E-reader,0,2588,3400,8.73
6/11/2018,6/1/2018,Android Tablet,0,2561,5178,9.21
9/10/2018,9/1/2018,Android Phone,1,2550,6174,8.99
9/17/2018,9/1/2018,Fire tablet,0,2546,5954,9.13
7/30/2018,7/1/2018,KCR,0,2544,4717,9.4
6/18/2018,6/1/2018,Android Tablet,0,2543,5052,9.18
9/24/2018,9/1/2018,Fire tablet,0,2538,5854,9.16
10/29/2018,11/1/2018,iPhone,1,2537,5337,8.85
4/8/2019,4/1/2019,iPhone,1,2533,5333,8.86
9/10/2018,9/1/2018,iPad,1,2517,5634,8.87
7/30/2018,8/1/2018,Fire tablet,0,2489,5399,9.14
5/21/2018,5/1/2018,Android Tablet,0,2489,5130,9.22
5/28/2018,6/1/2018,iPhone,1,2485,4722,8.76
1/21/2019,1/1/2019,iPad,1,2471,5406,8.88
8/27/2018,8/1/2018,iPad,1,2462,4815,8.8
12/31/2018,1/1/2019,iPad,1,2452,6154,8.9
4/15/2019,4/1/2019,KCR,1,2445,3825,8.65
4/22/2019,4/1/2019,KCR,1,2440,3859,8.61
4/30/2018,5/1/2018,Fire tablet,0,2437,5449,9.18
10/22/2018,10/1/2018,Fire tablet,0,2431,5636,9.07
1/7/2019,1/1/2019,Android Phone,1,2429,5598,8.92
1/21/2019,1/1/2019,Android Tablet,0,2424,5216,8.97
5/6/2019,5/1/2019,Fire tablet,0,2413,5126,9.03
2/25/2019,3/1/2019,iPad,0,2407,4387,8.75
10/1/2018,10/1/2018,Fire tablet,0,2393,5587,9.06
9/17/2018,9/1/2018,Android Tablet,0,2393,5304,9.05
12/24/2018,12/1/2018,Audible WfV,1,2392,3382,8.17
7/16/2018,7/1/2018,Android Phone,1,2390,6100,8.88
9/24/2018,9/1/2018,K4Mac,0,2388,4098,9.13
12/24/2018,12/1/2018,Android Phone,1,2381,5738,8.9
5/14/2018,5/1/2018,Android Tablet,0,2372,4954,9.16
12/24/2018,12/1/2018,iPad,1,2369,5871,8.9
8/20/2018,8/1/2018,K4Mac,1,2367,4096,8.87
3/18/2019,3/1/2019,Fire tablet,0,2365,5355,9.06
9/17/2018,9/1/2018,K4Mac,0,2343,3927,9.02
1/28/2019,2/1/2019,Fire tablet,0,2327,4362,9.06
1/14/2019,1/1/2019,Android Phone,1,2327,5193,8.87
9/24/2018,9/1/2018,K4PC,0,2324,4435,9.08
2/25/2019,2/1/2019,iPad,0,2322,4464,8.64
6/4/2018,6/1/2018,Android Tablet,0,2320,4985,9.13
7/16/2018,7/1/2018,Android Tablet,0,2316,5207,9.14
4/15/2019,4/1/2019,Fire tablet,0,2315,5394,9.03
4/29/2019,5/1/2019,iPad,0,2306,4563,8.84
9/17/2018,9/1/2018,Android Phone,1,2299,5360,8.92
9/24/2018,9/1/2018,Android Tablet,0,2295,4818,9.01
10/29/2018,11/1/2018,Fire tablet,0,2293,4590,9.06
5/6/2019,5/1/2019,iPhone,1,2291,4769,8.77
9/17/2018,9/1/2018,K4PC,0,2285,6479,9.1
7/16/2018,7/1/2018,iPad,1,2283,5339,8.85
1/14/2019,1/1/2019,K4PC,1,2283,4001,8.86
5/27/2019,5/1/2019,iPad,0,2283,4574,8.72
4/22/2019,4/1/2019,iPhone,1,2277,4908,8.78
5/28/2018,6/1/2018,Fire tablet,0,2266,4448,8.89
5/6/2019,5/1/2019,KCR,1,2266,3480,8.61
4/15/2019,4/1/2019,iPhone,1,2264,4762,8.73
1/28/2019,1/1/2019,K4PC,0,2252,3589,9.17
9/10/2018,9/1/2018,Fire tablet,0,2250,5271,8.95
7/16/2018,7/1/2018,Fire tablet,1,2250,6068,8.88
8/27/2018,8/1/2018,Android Phone,1,2239,4493,8.88
10/29/2018,10/1/2018,E-reader,0,2239,3301,8.52
5/13/2019,5/1/2019,Fire tablet,0,2239,4952,9.09
5/13/2019,5/1/2019,KCR,1,2229,3434,8.55
5/28/2018,5/1/2018,iPhone,1,2228,4314,8.73
8/13/2018,8/1/2018,iPad,1,2223,5000,8.84
4/8/2019,4/1/2019,Fire tablet,0,2220,5098,9.03
4/30/2018,5/1/2018,Android Tablet,0,2219,4085,9.27
1/21/2019,1/1/2019,K4PC,1,2215,3984,8.88
5/13/2019,5/1/2019,iPhone,1,2208,4667,8.77
7/2/2018,7/1/2018,iPad,1,2208,5295,8.88
11/26/2018,12/1/2018,iPad,0,2204,3537,8.48
11/5/2018,11/1/2018,Fire tablet,0,2203,5124,8.96
9/10/2018,9/1/2018,K4PC,1,2194,3810,8.92
1/21/2019,1/1/2019,Android Phone,1,2187,5000,8.88
10/29/2018,11/1/2018,KCR,1,2183,3235,8.67
8/27/2018,8/1/2018,Fire tablet,0,2183,4579,9.27
7/30/2018,7/1/2018,E-reader,0,2175,3134,8.52
11/12/2018,11/1/2018,Fire tablet,0,2167,5148,8.85
9/17/2018,9/1/2018,iPad,1,2161,5259,8.88
6/4/2018,6/1/2018,iPad,1,2160,5259,8.88
9/24/2018,9/1/2018,Android Phone,1,2159,5147,8.91
1/7/2019,1/1/2019,K4PC,1,2157,3826,8.93
2/11/2019,2/1/2019,K4PC,0,2154,5918,9.51
8/13/2018,8/1/2018,Android Phone,1,2149,5257,8.88
10/8/2018,10/1/2018,Fire tablet,0,2141,4836,8.91
2/18/2019,2/1/2019,K4PC,0,2140,9777,9.97
8/27/2018,9/1/2018,iPad,0,2136,3397,8.6
8/20/2018,8/1/2018,Android Tablet,0,2134,5043,8.97
7/9/2018,7/1/2018,Android Tablet,0,2131,5042,9.14
9/3/2018,9/1/2018,Android Tablet,0,2125,5060,8.95
4/29/2019,5/1/2019,iPhone,1,2115,4327,8.82
7/9/2018,7/1/2018,iPad,1,2105,5141,8.82
1/7/2019,1/1/2019,Android Tablet,0,2105,5221,8.87
4/29/2019,4/1/2019,Android Phone,0,2095,3283,8.73
7/23/2018,7/1/2018,Android Phone,1,2093,5268,8.94
7/23/2018,7/1/2018,Android Tablet,0,2088,4830,9.09
4/29/2019,5/1/2019,Fire tablet,0,2079,4354,9.2
12/31/2018,1/1/2019,Android Phone,1,2074,5205,8.86
12/31/2018,1/1/2019,Android Tablet,0,2073,5352,8.86
5/20/2019,5/1/2019,iPhone,1,2068,4248,8.63
5/28/2018,6/1/2018,iPad,0,2065,3841,8.63
7/9/2018,7/1/2018,Android Phone,1,2056,5334,8.92
5/14/2018,5/1/2018,iPad,1,2055,4871,8.79
2/18/2019,2/1/2019,Android Tablet,0,2051,4713,8.93
8/6/2018,8/1/2018,iPad,1,2048,4833,8.76
7/2/2018,7/1/2018,Android Tablet,0,2046,4597,9.07
7/2/2018,7/1/2018,Android Phone,1,2042,5371,8.9
9/10/2018,9/1/2018,K4Mac,1,2041,3426,8.84
1/14/2019,1/1/2019,K4Mac,1,2041,3432,8.74
5/7/2018,5/1/2018,Android Phone,1,2040,5160,8.83
6/18/2018,6/1/2018,iPad,1,2037,4832,8.78
5/7/2018,5/1/2018,iPad,1,2037,4767,8.84
6/4/2018,6/1/2018,Android Phone,1,2034,4972,8.84
10/1/2018,10/1/2018,K4PC,0,2031,4425,9.05
5/21/2018,5/1/2018,iPad,1,2028,4717,8.86
4/22/2019,4/1/2019,Fire tablet,0,2027,4626,8.84
5/20/2019,5/1/2019,KCR,1,2022,3056,8.55
8/6/2018,8/1/2018,Android Phone,1,2020,5166,8.84
12/31/2018,12/1/2018,iPhone,0,2018,2918,8.47
6/25/2018,6/1/2018,Android Tablet,0,2014,4077,9.09
5/28/2018,5/1/2018,KCR,1,2013,2887,8.47
10/1/2018,10/1/2018,Android Phone,1,2004,5048,8.81
5/14/2018,5/1/2018,Android Phone,1,2002,4920,8.87
5/20/2019,5/1/2019,Fire tablet,0,1994,4288,8.9
8/13/2018,8/1/2018,Android Tablet,0,1991,4394,9
10/15/2018,10/1/2018,Android Phone,1,1987,4878,8.83
10/8/2018,10/1/2018,Android Phone,1,1985,5261,8.89
1/28/2019,2/1/2019,KCR,1,1981,2654,8.49
2/25/2019,3/1/2019,iPhone,1,1957,3522,8.72
7/23/2018,7/1/2018,iPad,1,1946,4663,8.76
6/11/2018,6/1/2018,iPad,1,1936,4501,8.82
2/25/2019,2/1/2019,iPhone,1,1935,3516,8.61
3/25/2019,3/1/2019,K4PC,0,1934,11057,10.25
1/14/2019,1/1/2019,Android Tablet,0,1934,4738,8.87
3/18/2019,3/1/2019,K4PC,0,1934,7818,9.93
6/18/2018,6/1/2018,Android Phone,1,1931,5042,8.9
9/10/2018,9/1/2018,Android Tablet,0,1929,4295,8.88
5/21/2018,5/1/2018,Android Phone,1,1920,4688,8.86
2/25/2019,2/1/2019,KCR,1,1915,2712,8.47
2/4/2019,2/1/2019,iPad,1,1903,4367,8.77
10/8/2018,10/1/2018,Android Tablet,0,1903,4655,8.89
6/11/2018,6/1/2018,Android Phone,1,1892,4884,8.79
2/4/2019,2/1/2019,Android Phone,1,1885,4278,8.81
1/21/2019,1/1/2019,K4Mac,1,1880,3155,8.73
10/8/2018,10/1/2018,K4PC,0,1880,4672,9.12
5/28/2018,5/1/2018,iPad,0,1878,3534,8.63
11/19/2018,11/1/2018,Android Tablet,0,1877,4203,8.8
1/7/2019,1/1/2019,K4Mac,1,1873,3304,8.77
10/15/2018,10/1/2018,K4PC,0,1870,5308,9.01
2/11/2019,2/1/2019,K4Mac,0,1867,3067,8.94
10/22/2018,10/1/2018,Android Phone,1,1859,4812,8.9
10/1/2018,10/1/2018,iPad,1,1857,4287,8.73
8/13/2018,8/1/2018,K4PC,0,1856,3811,9.29
11/26/2018,12/1/2018,iPhone,1,1846,3098,8.53
9/24/2018,9/1/2018,iPad,1,1844,4273,8.85
5/27/2019,5/1/2019,Fire tablet,0,1844,3774,9.13
10/22/2018,10/1/2018,K4PC,0,1837,4187,9
8/27/2018,9/1/2018,K4Mac,0,1822,2254,8.65
3/4/2019,3/1/2019,K4PC,0,1820,3803,9.27
8/6/2018,8/1/2018,Android Tablet,0,1820,4269,8.99
7/30/2018,8/1/2018,iPad,1,1807,4128,8.72
7/30/2018,8/1/2018,Android Phone,1,1806,4271,8.75
2/18/2019,2/1/2019,iPad,1,1799,4353,8.79
4/29/2019,5/1/2019,KCR,1,1798,2582,8.5
10/1/2018,10/1/2018,K4Mac,0,1795,3087,8.89
4/30/2018,5/1/2018,Android Phone,1,1791,4277,8.81
10/15/2018,10/1/2018,iPad,1,1791,4186,8.8
11/5/2018,11/1/2018,Android Phone,1,1789,4529,8.78
12/3/2018,12/1/2018,Android Phone,1,1774,4356,8.81
10/8/2018,10/1/2018,iPad,1,1761,4048,8.77
2/18/2019,2/1/2019,Android Phone,1,1752,4319,8.82
10/1/2018,10/1/2018,Android Tablet,0,1750,4525,8.88
3/11/2019,3/1/2019,K4PC,0,1749,4038,9.21
4/1/2019,4/1/2019,K4PC,0,1738,3476,9.21
12/17/2018,12/1/2018,Android Phone,1,1736,4280,8.86
11/19/2018,11/1/2018,Android Phone,1,1735,4183,8.71
2/11/2019,2/1/2019,iPad,1,1732,3923,8.79
8/27/2018,9/1/2018,K4PC,0,1726,2385,8.68
2/11/2019,2/1/2019,Android Tablet,0,1720,4211,8.86
10/22/2018,10/1/2018,Android Tablet,0,1713,3864,8.77
12/10/2018,12/1/2018,Android Phone,1,1707,4357,8.77
1/28/2019,2/1/2019,K4Mac,0,1702,2251,8.7
5/14/2018,5/1/2018,K4PC,0,1690,3412,9.06
12/10/2018,12/1/2018,Android Tablet,0,1690,4035,8.85
2/18/2019,2/1/2019,K4Mac,0,1685,2808,8.92
2/11/2019,2/1/2019,Android Phone,1,1681,3791,8.81
4/30/2018,5/1/2018,iPad,1,1676,3646,8.7
9/24/2018,9/1/2018,K4PC,1,1672,3052,8.9
12/31/2018,12/1/2018,KCR,0,1667,2431,8.95
11/12/2018,11/1/2018,Android Phone,1,1663,4982,9.07
1/28/2019,2/1/2019,K4PC,0,1662,2380,8.91
10/15/2018,10/1/2018,Android Tablet,0,1655,4081,8.82
11/5/2018,11/1/2018,Android Tablet,0,1650,3768,8.77
5/20/2019,5/1/2019,K4PC,0,1648,3467,9.06
3/4/2019,3/1/2019,Android Phone,1,1646,3780,8.79
2/4/2019,2/1/2019,Android Tablet,0,1646,4045,8.82
12/31/2018,1/1/2019,K4PC,0,1645,3330,9.03
8/27/2018,9/1/2018,Fire tablet,0,1643,2913,8.72
6/25/2018,6/1/2018,iPad,1,1636,3527,8.64
5/13/2019,5/1/2019,K4PC,0,1636,3324,8.99
5/28/2018,6/1/2018,KCR,1,1614,2343,8.46
6/25/2018,6/1/2018,Android Phone,1,1599,3864,8.67
5/28/2018,5/1/2018,Fire tablet,0,1596,3379,8.82
8/27/2018,9/1/2018,KCR,1,1596,2013,8.32
10/22/2018,10/1/2018,iPad,1,1594,3698,8.77
12/17/2018,12/1/2018,iPad,1,1583,3703,8.66
11/19/2018,11/1/2018,iPad,1,1581,3819,8.66
7/9/2018,7/1/2018,K4PC,0,1577,3669,9.02
6/4/2018,6/1/2018,K4PC,0,1573,3660,8.94
5/21/2018,5/1/2018,K4PC,0,1566,3311,9.07
3/4/2019,3/1/2019,iPad,1,1554,3697,8.74
11/5/2018,11/1/2018,iPad,1,1552,3575,8.62
12/31/2018,12/1/2018,Android Phone,0,1551,2292,8.47
12/3/2018,12/1/2018,iPad,1,1541,3651,8.69
5/7/2018,5/1/2018,K4PC,0,1541,3074,9.06
10/8/2018,10/1/2018,K4Mac,0,1537,2629,8.89
12/31/2018,1/1/2019,E-reader,1,1536,4696,8.81
12/3/2018,12/1/2018,Android Tablet,0,1535,4115,8.79
3/4/2019,3/1/2019,Android Tablet,0,1532,3908,8.85
12/10/2018,12/1/2018,iPad,1,1517,3586,8.66
4/8/2019,4/1/2019,K4PC,0,1515,3049,9.14
5/28/2018,6/1/2018,Android Tablet,0,1512,2832,8.86
12/17/2018,12/1/2018,Android Tablet,0,1512,3556,8.78
7/16/2018,7/1/2018,K4PC,0,1511,6105,9.09
2/4/2019,2/1/2019,K4PC,1,1510,2657,8.76
8/27/2018,9/1/2018,iPad,1,1508,2451,8.52
9/17/2018,9/1/2018,K4PC,1,1503,2741,8.78
11/12/2018,11/1/2018,Android Tablet,0,1494,3550,8.74
2/25/2019,3/1/2019,KCR,1,1493,2078,8.41
10/15/2018,10/1/2018,K4Mac,0,1473,2609,8.87
11/26/2018,11/1/2018,Android Phone,1,1468,3528,8.72
10/29/2018,11/1/2018,Android Phone,1,1465,3216,8.62
10/29/2018,10/1/2018,iPhone,1,1464,2421,8.56
11/5/2018,11/1/2018,K4PC,0,1462,3393,8.8
3/11/2019,3/1/2019,Android Tablet,0,1462,3726,8.8
3/25/2019,3/1/2019,Android Phone,1,1459,3391,8.7
5/6/2019,5/1/2019,K4PC,0,1458,3215,8.88
5/28/2018,5/1/2018,Android Tablet,0,1458,2663,8.95
12/3/2018,12/1/2018,K4PC,0,1449,3159,9.05
10/29/2018,10/1/2018,KCR,1,1446,1916,8.37
5/27/2019,5/1/2019,K4PC,0,1445,3196,9.21
8/27/2018,8/1/2018,Android Tablet,0,1439,2944,8.78
3/18/2019,3/1/2019,Android Phone,1,1438,3348,8.66
1/28/2019,1/1/2019,Fire tablet,0,1431,2785,8.85
8/13/2018,8/1/2018,K4PC,1,1429,2519,8.69
10/1/2018,10/1/2018,K4PC,1,1425,2555,8.77
2/25/2019,2/1/2019,Fire tablet,0,1422,2760,8.67
4/1/2019,4/1/2019,Android Phone,1,1421,3318,8.76
5/28/2018,6/1/2018,iPad,1,1417,2696,8.54
1/28/2019,1/1/2019,Android Tablet,0,1411,2525,8.61
6/11/2018,6/1/2018,K4PC,0,1408,2852,9.13
3/11/2019,3/1/2019,Android Phone,1,1407,3428,8.77
7/30/2018,8/1/2018,Android Tablet,0,1405,3381,8.85
5/28/2018,6/1/2018,Android Phone,1,1404,2855,8.68
11/12/2018,11/1/2018,iPad,1,1401,3514,8.62
7/2/2018,7/1/2018,K4PC,0,1401,2979,8.99
12/10/2018,12/1/2018,K4PC,0,1400,5091,9.09
4/22/2019,4/1/2019,K4PC,0,1394,2975,9.13
10/22/2018,10/1/2018,K4Mac,0,1392,2392,8.83
9/24/2018,9/1/2018,K4Mac,1,1383,2537,8.71
4/1/2019,4/1/2019,K4Mac,0,1382,2425,8.77
1/28/2019,2/1/2019,iPad,1,1379,2574,8.57
9/17/2018,9/1/2018,K4Mac,1,1379,2382,8.72
4/8/2019,4/1/2019,Android Phone,1,1378,3217,8.76
12/31/2018,12/1/2018,E-reader,0,1372,1701,8.36
3/18/2019,3/1/2019,iPad,1,1359,3018,8.61
7/23/2018,7/1/2018,E-reader,1,1346,4612,8.95
8/27/2018,9/1/2018,Android Phone,1,1343,2326,8.58
6/25/2018,7/1/2018,iPhone,1,1337,1786,8.32
3/11/2019,3/1/2019,iPad,1,1330,3048,8.71
7/23/2018,7/1/2018,K4PC,0,1329,4918,9.23
5/14/2018,5/1/2018,K4PC,1,1320,2533,8.69
10/29/2018,10/1/2018,iPad,0,1319,2351,8.33
1/28/2019,2/1/2019,Android Phone,1,1315,2369,8.56
8/6/2018,8/1/2018,K4PC,0,1312,2910,9.02
4/1/2019,4/1/2019,iPad,1,1303,2955,8.6
10/15/2018,10/1/2018,K4PC,1,1299,2291,8.64
4/1/2019,4/1/2019,Android Tablet,0,1295,3249,8.76
6/18/2018,6/1/2018,K4PC,0,1290,2852,8.92
5/27/2019,5/1/2019,KCR,1,1284,1836,8.45
10/8/2018,10/1/2018,K4PC,1,1283,2454,8.73
3/25/2019,3/1/2019,iPad,1,1280,2989,8.61
8/27/2018,9/1/2018,K4PC,1,1278,1726,8.5
4/15/2019,4/1/2019,K4PC,0,1276,2404,8.96
2/25/2019,2/1/2019,K4PC,0,1271,5224,9.95
12/17/2018,12/1/2018,E-reader,1,1271,3606,8.72
2/4/2019,2/1/2019,K4Mac,1,1265,2039,8.62
3/4/2019,3/1/2019,K4Mac,0,1264,2105,8.75
6/4/2018,6/1/2018,K4PC,1,1263,2385,8.66
8/13/2018,8/1/2018,K4Mac,0,1257,2076,8.65
3/18/2019,3/1/2019,Android Tablet,0,1257,3033,8.72
4/22/2019,4/1/2019,Android Phone,1,1257,2892,8.67
10/29/2018,11/1/2018,iPad,1,1256,2684,8.63
1/28/2019,1/1/2019,iPad,1,1256,2294,8.56
2/11/2019,2/1/2019,K4PC,1,1255,2227,8.66
3/25/2019,3/1/2019,Android Tablet,0,1255,3265,8.77
5/14/2018,5/1/2018,K4Mac,0,1247,2355,8.73
6/4/2018,6/1/2018,K4Mac,0,1244,2384,8.79
4/30/2018,5/1/2018,K4PC,0,1240,2300,8.98
12/31/2018,1/1/2019,K4PC,1,1232,2195,8.57
4/8/2019,4/1/2019,Android Tablet,0,1231,2964,8.67
5/13/2019,5/1/2019,K4Mac,0,1231,2198,8.73
11/26/2018,11/1/2018,iPad,1,1225,2572,8.44
7/9/2018,7/1/2018,K4PC,1,1224,2246,8.65
12/31/2018,1/1/2019,K4Mac,0,1223,2158,8.63
5/27/2019,5/1/2019,iPhone,1,1223,2247,8.5
12/17/2018,12/1/2018,K4PC,0,1217,4048,9.09
4/15/2019,4/1/2019,Android Tablet,0,1215,2976,8.73
1/28/2019,1/1/2019,K4PC,1,1213,1823,8.54
1/28/2019,1/1/2019,Android Phone,1,1208,2290,8.6
1/7/2019,1/1/2019,E-reader,1,1207,3728,8.62
3/18/2019,3/1/2019,K4Mac,0,1207,2036,8.84
4/8/2019,4/1/2019,iPad,1,1205,2811,8.54
6/11/2018,6/1/2018,E-reader,1,1201,3887,8.77
4/15/2019,4/1/2019,Android Phone,1,1198,2874,8.66
10/22/2018,10/1/2018,K4PC,1,1195,2204,8.63
12/24/2018,12/1/2018,K4PC,0,1190,3094,8.95
1/28/2019,1/1/2019,K4Mac,1,1189,1744,8.51
5/7/2018,5/1/2018,E-reader,1,1187,3700,8.7
3/11/2019,3/1/2019,K4Mac,0,1179,2014,8.71
4/22/2019,4/1/2019,iPad,1,1178,2736,8.53
7/9/2018,7/1/2018,E-reader,1,1174,4009,8.75
5/7/2018,5/1/2018,K4PC,1,1173,2209,8.69
5/20/2019,5/1/2019,K4Mac,0,1170,2105,8.73
5/28/2018,5/1/2018,Android Phone,1,1169,2401,8.47
2/18/2019,2/1/2019,K4PC,1,1169,2030,8.65
9/3/2018,9/1/2018,E-reader,1,1167,3618,8.63
5/21/2018,5/1/2018,K4PC,1,1161,2226,8.62
4/8/2019,4/1/2019,K4Mac,0,1158,1930,8.75
12/17/2018,12/1/2018,Fire tablet,1,1157,3087,8.62
4/15/2019,4/1/2019,iPad,1,1155,2737,8.53
11/26/2018,11/1/2018,K4PC,0,1154,2522,9.22
11/19/2018,11/1/2018,K4PC,0,1149,2334,8.89
11/26/2018,12/1/2018,KCR,1,1148,1548,8.3
6/25/2018,6/1/2018,K4PC,0,1143,2526,8.88
8/6/2018,8/1/2018,E-reader,1,1140,3627,8.87
6/11/2018,6/1/2018,K4PC,1,1133,2292,8.8
4/29/2019,5/1/2019,K4PC,0,1132,2189,8.66
7/30/2018,8/1/2018,E-reader,1,1129,3431,8.68
12/31/2018,1/1/2019,Fire tablet,1,1128,3408,8.71
7/2/2018,7/1/2018,K4PC,1,1127,2083,8.56
9/17/2018,9/1/2018,E-reader,1,1127,3413,8.54
1/28/2019,2/1/2019,Android Tablet,0,1127,2440,8.71
2/25/2019,3/1/2019,iPad,1,1125,2231,8.51
6/25/2018,7/1/2018,Fire tablet,0,1122,1558,8.37
6/18/2018,6/1/2018,K4PC,1,1120,2218,8.61
8/20/2018,8/1/2018,E-reader,1,1119,3503,8.72
5/21/2018,5/1/2018,K4Mac,0,1117,2092,8.7
2/25/2019,3/1/2019,Android Phone,1,1117,2039,8.59
6/25/2018,7/1/2018,iPad,0,1115,1470,8.33
6/18/2018,6/1/2018,E-reader,1,1115,3536,8.76
1/21/2019,1/1/2019,E-reader,1,1112,3474,8.83
11/12/2018,11/1/2018,K4PC,0,1109,2844,8.74
5/28/2018,5/1/2018,iPad,1,1107,2190,8.37
3/4/2019,3/1/2019,K4PC,1,1106,2049,8.75
8/13/2018,8/1/2018,E-reader,1,1102,3315,8.76
7/2/2018,7/1/2018,E-reader,1,1100,3525,8.63
8/6/2018,8/1/2018,K4PC,1,1096,2079,8.65
6/25/2018,7/1/2018,KCR,0,1093,1336,8.51
10/29/2018,11/1/2018,Android Tablet,0,1092,2394,8.53
4/22/2019,4/1/2019,Android Tablet,0,1092,2718,8.59
10/29/2018,11/1/2018,K4PC,0,1091,2391,8.87
3/25/2019,3/1/2019,K4Mac,0,1082,1877,8.78
10/1/2018,10/1/2018,K4Mac,1,1081,2003,8.56
5/7/2018,5/1/2018,K4Mac,0,1075,1972,8.71
6/4/2018,6/1/2018,E-reader,1,1071,3422,8.68
7/30/2018,7/1/2018,iPhone,1,1068,1676,8.36
11/19/2018,11/1/2018,E-reader,1,1065,3166,8.67
5/6/2019,5/1/2019,iPad,1,1063,2327,8.52
8/27/2018,9/1/2018,K4Mac,1,1063,1358,8.38
9/10/2018,9/1/2018,E-reader,1,1056,3082,8.68
2/25/2019,3/1/2019,Android Tablet,0,1052,2179,8.49
5/14/2018,5/1/2018,E-reader,1,1050,3490,8.71
5/21/2018,5/1/2018,E-reader,1,1049,3436,8.68
7/16/2018,7/1/2018,K4PC,1,1046,1998,8.52
7/30/2018,8/1/2018,K4PC,0,1046,2516,8.81
4/30/2018,5/1/2018,K4PC,1,1044,2065,8.69
7/23/2018,7/1/2018,K4PC,1,1040,2429,8.75
8/27/2018,9/1/2018,Android Tablet,0,1039,1794,8.61
11/5/2018,11/1/2018,K4PC,1,1028,1941,8.55
1/14/2019,1/1/2019,E-reader,1,1028,3141,8.74
11/5/2018,11/1/2018,K4Mac,0,1027,1850,8.74
3/18/2019,3/1/2019,K4PC,1,1026,1802,8.6
5/27/2019,5/1/2019,K4Mac,0,1026,1713,8.61
4/1/2019,4/1/2019,K4PC,1,1023,1895,8.64
11/19/2018,11/1/2018,Fire tablet,1,1021,2606,8.6
11/26/2018,11/1/2018,Android Tablet,0,1019,2512,8.54
4/29/2019,5/1/2019,iPad,1,1018,2138,8.46
5/13/2019,5/1/2019,iPad,1,1011,2280,8.56
1/28/2019,2/1/2019,K4PC,1,1006,1572,8.43
11/26/2018,12/1/2018,E-reader,1,1001,2143,8.54
5/6/2019,5/1/2019,Android Phone,1,998,2125,8.56
7/9/2018,7/1/2018,K4Mac,0,994,1824,8.65
5/6/2019,5/1/2019,Android Tablet,0,992,2203,8.69
4/29/2019,5/1/2019,Android Phone,1,990,1960,8.54
5/6/2019,5/1/2019,K4Mac,0,989,1733,8.62
3/11/2019,3/1/2019,K4PC,1,987,1760,8.52
5/13/2019,5/1/2019,Android Phone,1,986,2066,8.51
2/25/2019,2/1/2019,K4Mac,0,983,1484,8.7
5/13/2019,5/1/2019,Android Tablet,0,981,2211,8.72
11/26/2018,12/1/2018,iPad,1,980,1625,8.3
5/28/2018,5/1/2018,K4PC,0,980,1764,8.82
11/26/2018,12/1/2018,Android Phone,1,977,1774,8.36
2/25/2019,2/1/2019,Android Phone,1,973,1838,8.46
12/10/2018,12/1/2018,E-reader,1,972,3142,8.83
11/26/2018,11/1/2018,E-reader,1,971,2744,8.56
2/11/2019,2/1/2019,K4Mac,1,966,1666,8.6
2/25/2019,2/1/2019,Android Tablet,0,965,2036,8.4
5/20/2019,5/1/2019,iPad,1,965,2191,8.4
12/3/2018,12/1/2018,E-reader,1,962,2879,8.64
2/11/2019,2/1/2019,E-reader,1,957,3034,8.69
7/30/2018,7/1/2018,iPad,0,956,1497,8.2
4/8/2019,4/1/2019,K4PC,1,953,1818,8.58
5/20/2019,5/1/2019,Android Tablet,0,950,2077,8.65
5/20/2019,5/1/2019,Android Phone,1,950,2020,8.56
6/25/2018,6/1/2018,K4PC,1,947,1724,8.6
6/25/2018,6/1/2018,E-reader,1,946,2896,8.56
11/19/2018,11/1/2018,K4PC,1,944,1800,8.44
2/25/2019,3/1/2019,K4PC,0,941,1541,8.82
7/30/2018,8/1/2018,K4PC,1,941,1733,8.44
10/8/2018,10/1/2018,K4Mac,1,938,1602,8.5
12/3/2018,12/1/2018,K4PC,1,937,1738,8.57
7/23/2018,7/1/2018,Fire tablet,1,936,2805,8.82
2/4/2019,2/1/2019,E-reader,1,931,2744,8.62
12/24/2018,12/1/2018,K4PC,1,922,1829,8.46
3/25/2019,3/1/2019,K4PC,1,921,1780,8.58
9/24/2018,9/1/2018,E-reader,1,918,2797,8.67
6/11/2018,6/1/2018,K4Mac,0,918,1684,8.59
4/15/2019,4/1/2019,K4Mac,0,917,1561,8.71
10/29/2018,10/1/2018,Fire tablet,0,917,1694,8.87
12/17/2018,12/1/2018,K4PC,1,914,1838,8.5
7/2/2018,7/1/2018,K4Mac,0,912,1725,8.56
2/25/2019,2/1/2019,iPad,1,906,1697,8.33
10/15/2018,10/1/2018,K4Mac,1,898,1782,8.53
6/18/2018,6/1/2018,K4Mac,0,896,1686,8.61
5/28/2018,6/1/2018,K4PC,0,894,1571,8.53
12/10/2018,12/1/2018,K4PC,1,892,1767,8.6
8/13/2018,8/1/2018,K4Mac,1,890,1526,8.39
6/4/2018,6/1/2018,K4Mac,1,882,1663,8.48
5/14/2018,5/1/2018,K4Mac,1,881,1618,8.45
11/12/2018,11/1/2018,K4PC,1,878,1713,8.46
5/7/2018,5/1/2018,K4Mac,1,873,1565,8.46
12/31/2018,1/1/2019,K4Mac,1,867,1515,8.37
5/7/2018,5/1/2018,Fire tablet,1,865,2432,8.5
12/3/2018,12/1/2018,K4Mac,0,860,1513,8.68
10/22/2018,10/1/2018,K4Mac,1,859,1517,8.47
2/18/2019,2/1/2019,E-reader,1,857,2673,8.52
10/8/2018,10/1/2018,E-reader,1,855,2667,8.66
4/22/2019,4/1/2019,K4Mac,0,853,1504,8.69
4/29/2019,5/1/2019,Android Tablet,0,845,1834,8.66
11/26/2018,11/1/2018,K4Mac,0,840,1491,8.55
4/22/2019,4/1/2019,K4PC,1,839,1500,8.53
11/5/2018,11/1/2018,E-reader,1,828,2528,8.54
4/30/2018,5/1/2018,E-reader,1,827,2485,8.55
3/4/2019,3/1/2019,E-reader,1,826,2509,8.59
5/28/2018,6/1/2018,E-reader,1,821,1950,8.33
7/30/2018,7/1/2018,KCR,1,821,1105,8.1
10/1/2018,10/1/2018,E-reader,1,820,2533,8.47
1/7/2019,1/1/2019,Fire tablet,1,818,2380,8.66
9/3/2018,9/1/2018,Android Tablet,1,816,1860,8.46
11/26/2018,11/1/2018,K4PC,1,812,1443,8.51
5/6/2019,5/1/2019,K4PC,1,807,1457,8.45
5/21/2018,5/1/2018,K4Mac,1,805,1436,8.59
7/16/2018,7/1/2018,Audible WfV,1,804,1271,7.89
2/18/2019,2/1/2019,K4Mac,1,802,1343,8.46
4/15/2019,4/1/2019,K4PC,1,799,1553,8.4
11/12/2018,11/1/2018,K4Mac,0,796,1424,8.58
12/10/2018,12/1/2018,K4Mac,0,789,1471,8.64
6/25/2018,6/1/2018,K4Mac,0,783,1495,8.59
5/14/2018,5/1/2018,Fire tablet,1,777,2216,8.49
10/29/2018,11/1/2018,K4PC,1,776,1277,8.42
12/10/2018,12/1/2018,Fire tablet,1,775,2192,8.46
5/13/2019,5/1/2019,K4PC,1,773,1531,8.67
4/1/2019,4/1/2019,K4Mac,1,773,1241,8.36
10/15/2018,10/1/2018,E-reader,1,773,2435,8.55
7/9/2018,7/1/2018,Fire tablet,1,771,2484,8.6
8/27/2018,9/1/2018,E-reader,1,771,1606,8.28
8/20/2018,8/1/2018,Android Tablet,1,770,1749,8.44
12/24/2018,12/1/2018,Android Tablet,1,769,1978,8.46
6/4/2018,6/1/2018,Fire tablet,1,768,2233,8.51
8/27/2018,8/1/2018,E-reader,1,765,1974,8.51
1/28/2019,2/1/2019,K4Mac,1,763,1033,8.23
8/20/2018,8/1/2018,Fire tablet,1,761,2166,8.71
6/25/2018,7/1/2018,iPad,1,755,973,8.14
5/27/2019,5/1/2019,Android Tablet,0,754,1487,8.41
11/26/2018,12/1/2018,Android Tablet,0,748,1494,8.35
3/11/2019,3/1/2019,E-reader,1,744,2307,8.46
7/9/2018,7/1/2018,K4Mac,1,744,1404,8.39
6/18/2018,6/1/2018,Fire tablet,1,744,2182,8.59
6/11/2018,6/1/2018,Fire tablet,1,739,2145,8.39
4/29/2019,5/1/2019,K4Mac,0,738,1178,8.56
10/29/2018,11/1/2018,K4Mac,0,737,1093,8.45
10/29/2018,10/1/2018,Android Phone,1,733,1323,8.37
4/30/2018,5/1/2018,K4Mac,0,731,1240,8.57
8/6/2018,8/1/2018,K4Mac,0,729,1269,8.4
1/28/2019,2/1/2019,E-reader,1,728,1751,8.4
7/16/2018,7/1/2018,K4Mac,0,720,1345,8.51
11/12/2018,11/1/2018,E-reader,1,719,2313,8.58
3/4/2019,3/1/2019,K4Mac,1,717,1175,8.4
10/29/2018,10/1/2018,K4PC,0,712,1127,8.62
5/28/2018,6/1/2018,K4PC,1,710,1298,8.29
5/28/2018,5/1/2018,K4PC,1,707,1170,8.36
6/11/2018,6/1/2018,K4Mac,1,705,1339,8.42
4/29/2019,4/1/2019,iPad,0,704,1060,8.2
6/25/2018,7/1/2018,Android Phone,1,701,928,8.16
1/14/2019,1/1/2019,Fire tablet,1,699,2060,8.45
7/2/2018,7/1/2018,K4Mac,1,696,1286,8.34
11/5/2018,11/1/2018,K4Mac,1,695,1233,8.31
11/26/2018,12/1/2018,Fire tablet,1,691,1380,8.34
4/29/2019,5/1/2019,K4PC,1,691,1263,8.4
3/18/2019,3/1/2019,E-reader,1,685,2256,8.51
12/24/2018,12/1/2018,K4Mac,0,684,1194,8.33
10/29/2018,10/1/2018,Android Tablet,0,682,1409,8.28
8/6/2018,8/1/2018,Fire tablet,1,681,1991,8.52
12/3/2018,12/1/2018,Fire tablet,1,680,1904,8.64
5/20/2019,5/1/2019,K4PC,1,680,1281,8.33
11/26/2018,11/1/2018,Fire tablet,1,677,1632,8.43
2/25/2019,2/1/2019,K4PC,1,676,1227,8.53
5/28/2018,5/1/2018,K4Mac,0,674,1018,8.4
9/10/2018,9/1/2018,Android Tablet,1,670,1646,8.4
5/21/2018,5/1/2018,Fire tablet,1,667,1970,8.52
3/25/2019,3/1/2019,K4Mac,1,665,1107,8.27
7/30/2018,7/1/2018,Fire tablet,0,665,1092,8.61
7/16/2018,7/1/2018,Android Tablet,1,664,1686,8.4
4/29/2019,4/1/2019,iPhone,1,659,955,8.52
6/25/2018,7/1/2018,Android Tablet,0,655,946,8.44
4/8/2019,4/1/2019,K4Mac,1,655,1110,8.25
5/28/2018,6/1/2018,K4Mac,0,652,907,8.3
6/18/2018,6/1/2018,K4Mac,1,652,1156,8.36
3/18/2019,3/1/2019,K4Mac,1,651,1095,8.31
6/25/2018,6/1/2018,Fire tablet,1,649,1659,8.45
7/30/2018,8/1/2018,Fire tablet,1,649,1720,8.5
7/2/2018,7/1/2018,Fire tablet,1,649,1899,8.41
12/17/2018,12/1/2018,K4Mac,0,649,1189,8.49
3/11/2019,3/1/2019,K4Mac,1,645,1053,8.32
8/6/2018,8/1/2018,K4Mac,1,641,1153,8.4
8/13/2018,8/1/2018,Fire tablet,1,641,1972,8.54
7/23/2018,7/1/2018,Android Tablet,1,640,1655,8.62
4/29/2019,4/1/2019,KCR,1,639,784,7.79
12/31/2018,1/1/2019,Android Tablet,1,635,1650,8.48
5/6/2019,5/1/2019,E-reader,1,632,2213,8.56
2/25/2019,3/1/2019,K4Mac,0,631,843,8.31
7/2/2018,7/1/2018,Android Tablet,1,630,1531,8.35
10/22/2018,10/1/2018,E-reader,1,628,2009,8.31
12/3/2018,12/1/2018,K4Mac,1,628,1100,8.46
8/13/2018,8/1/2018,Android Tablet,1,626,1551,8.31
4/8/2019,4/1/2019,E-reader,1,625,2095,8.51
7/23/2018,7/1/2018,K4Mac,0,625,1165,8.49
2/25/2019,3/1/2019,K4PC,1,625,944,8.35
9/3/2018,9/1/2018,Fire tablet,1,625,1698,8.43
9/17/2018,9/1/2018,Fire tablet,1,624,1788,8.43
11/12/2018,11/1/2018,K4Mac,1,624,1018,8.32
1/21/2019,1/1/2019,Fire tablet,1,621,1931,8.35
12/31/2018,1/1/2019,Audible WfV,1,621,998,7.86
7/16/2018,7/1/2018,K4Mac,1,621,1136,8.29
5/7/2018,5/1/2018,Android Tablet,1,619,1600,8.5
12/31/2018,12/1/2018,iPad,0,617,874,7.89
4/30/2018,5/1/2018,K4Mac,1,614,1016,8.31
1/14/2019,1/1/2019,Android Tablet,1,613,1517,8.37
8/27/2018,8/1/2018,Android Tablet,1,612,1161,8.28
6/11/2018,6/1/2018,Android Tablet,1,609,1503,8.37
5/14/2018,5/1/2018,Android Tablet,1,607,1555,8.4
6/18/2018,6/1/2018,Android Tablet,1,606,1496,8.39
3/25/2019,3/1/2019,E-reader,1,605,1967,8.63
9/10/2018,9/1/2018,Fire tablet,1,605,1885,8.47
9/17/2018,9/1/2018,Android Tablet,1,602,1438,8.3
1/7/2019,1/1/2019,Android Tablet,1,599,1511,8.5
6/4/2018,6/1/2018,Android Tablet,1,597,1555,8.42
12/31/2018,12/1/2018,Fire tablet,0,596,876,7.73
8/27/2018,8/1/2018,Fire tablet,1,593,1402,8.63
6/25/2018,7/1/2018,KCR,1,593,734,7.93
4/1/2019,4/1/2019,E-reader,1,593,1887,8.48
2/25/2019,3/1/2019,E-reader,1,592,1459,8.41
10/29/2018,10/1/2018,iPad,1,587,1021,8.19
5/21/2018,5/1/2018,Android Tablet,1,583,1349,8.29
6/25/2018,6/1/2018,K4Mac,1,582,970,8.55
7/9/2018,7/1/2018,Android Tablet,1,581,1497,8.34
6/25/2018,7/1/2018,E-reader,1,577,880,8.14
5/28/2018,6/1/2018,Fire tablet,1,575,1350,8.32
7/23/2018,7/1/2018,K4Mac,1,571,1003,8.3
10/15/2018,10/1/2018,Fire tablet,1,571,1652,8.37
9/24/2018,9/1/2018,Android Tablet,1,567,1372,8.47
1/21/2019,1/1/2019,Android Tablet,1,567,1353,8.55
11/19/2018,11/1/2018,K4Mac,0,566,956,8.35
7/30/2018,8/1/2018,Android Tablet,1,566,1374,8.29
10/29/2018,10/1/2018,K4Mac,0,565,796,8.38
9/24/2018,9/1/2018,Fire tablet,1,562,1640,8.58
4/29/2019,4/1/2019,Fire tablet,0,562,888,8.66
8/6/2018,8/1/2018,Android Tablet,1,561,1301,8.26
5/27/2019,5/1/2019,iPad,1,561,1161,8.23
12/24/2018,12/1/2018,K4Mac,1,555,966,8.16
7/30/2018,8/1/2018,K4Mac,0,555,895,8.3
11/26/2018,11/1/2018,K4Mac,1,553,959,8.29
10/29/2018,11/1/2018,Fire tablet,1,553,1304,8.44
10/29/2018,11/1/2018,E-reader,1,549,1456,8.43
4/30/2018,5/1/2018,Fire tablet,1,548,1581,8.5
4/22/2019,4/1/2019,E-reader,1,546,1850,8.38
11/26/2018,12/1/2018,K4PC,0,545,1004,8.18
10/22/2018,10/1/2018,Fire tablet,1,540,1534,8.44
4/30/2018,5/1/2018,Android Tablet,1,539,1240,8.28
2/18/2019,2/1/2019,Fire tablet,1,533,1622,8.41
4/15/2019,4/1/2019,E-reader,1,531,1814,8.43
1/28/2019,2/1/2019,Fire tablet,1,529,1152,8.51
2/11/2019,2/1/2019,Fire tablet,1,529,1523,8.4
2/4/2019,2/1/2019,Android Tablet,1,527,1290,8.34
5/27/2019,5/1/2019,Android Phone,1,527,985,8.22
10/1/2018,10/1/2018,Android Tablet,1,527,1337,8.22
2/4/2019,2/1/2019,Fire tablet,1,525,1532,8.44
5/13/2019,5/1/2019,E-reader,1,524,1712,8.45
7/30/2018,7/1/2018,Android Tablet,0,519,853,8.33
10/29/2018,11/1/2018,K4Mac,1,518,818,8.21
11/19/2018,11/1/2018,K4Mac,1,518,916,8.37
10/29/2018,10/1/2018,K4PC,1,516,757,8.27
7/30/2018,8/1/2018,K4Mac,1,514,894,8.17
5/28/2018,5/1/2018,K4Mac,1,512,778,8.15
10/8/2018,10/1/2018,Android Tablet,1,512,1206,8.25
10/1/2018,10/1/2018,Fire tablet,1,509,1458,8.31
10/15/2018,10/1/2018,Android Tablet,1,509,1249,8.46
5/13/2019,5/1/2019,K4Mac,1,509,928,8.28
3/4/2019,3/1/2019,Fire tablet,1,506,1490,8.43
11/19/2018,11/1/2018,Android Tablet,1,504,1231,8.22
12/17/2018,12/1/2018,Audible WfV,1,502,768,7.71
4/29/2019,5/1/2019,E-reader,1,502,1591,8.66
5/28/2018,6/1/2018,K4Mac,1,499,711,8.07
4/22/2019,4/1/2019,K4Mac,1,499,811,8.18
12/3/2018,12/1/2018,Android Tablet,1,495,1261,8.31
2/25/2019,2/1/2019,K4Mac,1,494,754,8.13
12/10/2018,12/1/2018,K4Mac,1,492,896,8.43
7/30/2018,7/1/2018,Android Phone,1,490,846,8.03
5/20/2019,5/1/2019,K4Mac,1,488,846,8.16
5/28/2018,6/1/2018,Android Tablet,1,488,937,8.2
4/15/2019,4/1/2019,K4Mac,1,488,816,8.21
7/30/2018,7/1/2018,iPad,1,487,803,7.93
2/18/2019,2/1/2019,Android Tablet,1,486,1049,8.17
3/25/2019,3/1/2019,Fire tablet,1,486,1343,8.43
5/28/2018,5/1/2018,E-reader,1,484,1285,8.23
2/25/2019,3/1/2019,Fire tablet,1,480,1089,8.35
5/6/2019,5/1/2019,K4Mac,1,477,835,8.14
5/20/2019,5/1/2019,E-reader,1,476,1680,8.32
10/8/2018,10/1/2018,Fire tablet,1,474,1515,8.38
8/27/2018,9/1/2018,Fire tablet,1,473,917,8.15
12/17/2018,12/1/2018,Android Tablet,1,471,1163,8.25
10/22/2018,10/1/2018,Android Tablet,1,470,1186,8.34
12/17/2018,12/1/2018,K4Mac,1,469,872,8.33
12/10/2018,12/1/2018,Android Tablet,1,469,1219,8.44
11/12/2018,11/1/2018,Fire tablet,1,465,1379,8.27
1/28/2019,1/1/2019,E-reader,1,464,1089,8.08
11/5/2018,11/1/2018,Android Tablet,1,460,1241,8.23
6/25/2018,6/1/2018,Android Tablet,1,458,1063,8.27
11/5/2018,11/1/2018,Fire tablet,1,453,1402,8.33
2/11/2019,2/1/2019,Android Tablet,1,445,1029,8.46
5/27/2019,5/1/2019,K4PC,1,444,746,8.27
11/12/2018,11/1/2018,Android Tablet,1,442,1052,8.12
7/23/2018,7/1/2018,Audible WfV,1,438,743,7.74
12/31/2018,12/1/2018,iPhone,1,431,564,7.72
3/11/2019,3/1/2019,Fire tablet,1,428,1208,8.4
2/25/2019,2/1/2019,E-reader,1,427,1058,8.1
4/29/2019,4/1/2019,K4PC,0,424,686,8.67
11/19/2018,11/1/2018,Audible WfV,1,422,644,7.68
1/7/2019,1/1/2019,Audible WfV,1,420,689,7.73
4/29/2019,5/1/2019,Fire tablet,1,417,950,8.38
12/10/2018,12/1/2018,Audible WfV,1,415,657,7.64
4/29/2019,5/1/2019,K4Mac,1,414,659,8.1
3/18/2019,3/1/2019,Fire tablet,1,413,1110,8.1
3/4/2019,3/1/2019,Android Tablet,1,410,945,8.28
1/21/2019,1/1/2019,Audible WfV,1,409,652,7.59
1/14/2019,1/1/2019,Audible WfV,1,408,694,7.73
4/1/2019,4/1/2019,Fire tablet,1,403,1175,8.35
12/3/2018,12/1/2018,Audible WfV,1,403,671,7.73
1/28/2019,2/1/2019,Android Tablet,1,394,746,8.2
2/25/2019,3/1/2019,K4Mac,1,393,559,8.07
12/31/2018,12/1/2018,KCR,1,392,445,7.58
8/20/2018,8/1/2018,Audible WfV,1,392,673,7.78
9/3/2018,9/1/2018,Audible WfV,1,390,696,7.8
8/13/2018,8/1/2018,Audible WfV,1,389,627,7.64
2/4/2019,2/1/2019,Audible WfV,1,384,648,7.74
8/27/2018,9/1/2018,Android Tablet,1,383,645,8.07
7/9/2018,7/1/2018,Audible WfV,1,382,725,7.81
5/28/2018,5/1/2018,Fire tablet,1,381,952,8.31
11/26/2018,12/1/2018,K4PC,1,379,578,8.17
2/18/2019,2/1/2019,Audible WfV,1,370,659,7.74
4/1/2019,4/1/2019,Android Tablet,1,367,920,8.12
9/10/2018,9/1/2018,Audible WfV,1,365,625,7.75
5/6/2019,5/1/2019,Fire tablet,1,365,1010,8.16
3/25/2019,3/1/2019,Android Tablet,1,365,856,8.23
12/24/2018,12/1/2018,Other,0,364,1091,7.54
3/18/2019,3/1/2019,Android Tablet,1,362,872,8.09
4/22/2019,4/1/2019,Audible WfV,1,360,609,7.69
3/4/2019,3/1/2019,Audible WfV,1,360,587,7.72
6/25/2018,7/1/2018,K4PC,0,359,459,7.82
11/26/2018,12/1/2018,K4Mac,0,359,456,8.01
2/11/2019,2/1/2019,Audible WfV,1,356,606,7.75
10/29/2018,10/1/2018,K4Mac,1,354,511,8.11
3/25/2019,3/1/2019,Audible WfV,1,353,586,7.66
4/8/2019,4/1/2019,Android Tablet,1,352,832,8.05
4/8/2019,4/1/2019,Fire tablet,1,352,1034,8.22
10/15/2018,10/1/2018,Audible WfV,1,349,599,7.65
3/11/2019,3/1/2019,Android Tablet,1,347,816,8.32
7/30/2018,7/1/2018,K4PC,0,347,815,8.59
4/22/2019,4/1/2019,Fire tablet,1,346,1035,7.99
8/6/2018,8/1/2018,Audible WfV,1,346,646,7.69
3/18/2019,3/1/2019,Audible WfV,1,345,552,7.59
4/15/2019,4/1/2019,Fire tablet,1,344,1078,8.08
7/2/2018,7/1/2018,Audible WfV,1,340,561,7.65
10/29/2018,11/1/2018,Android Tablet,1,337,744,8.12
11/26/2018,11/1/2018,Android Tablet,1,333,762,8.03
5/28/2018,5/1/2018,Android Tablet,1,330,647,7.98
5/27/2019,5/1/2019,K4Mac,1,330,543,8
7/30/2018,8/1/2018,Audible WfV,1,327,566,7.7
5/13/2019,5/1/2019,Audible WfV,1,325,536,7.64
4/15/2019,4/1/2019,Android Tablet,1,322,809,8.24
3/11/2019,3/1/2019,Audible WfV,1,320,548,7.68
5/6/2019,5/1/2019,Audible WfV,1,318,516,7.58
6/25/2018,7/1/2018,Fire tablet,1,318,450,7.75
4/1/2019,4/1/2019,Audible WfV,1,317,561,7.75
5/20/2019,5/1/2019,Audible WfV,1,315,507,7.6
1/28/2019,1/1/2019,Fire tablet,1,312,718,8.17
4/15/2019,4/1/2019,Audible WfV,1,311,509,7.67
5/13/2019,5/1/2019,Fire tablet,1,310,904,8.12
4/22/2019,4/1/2019,Android Tablet,1,310,763,8.05
5/7/2018,5/1/2018,Audible WfV,1,310,526,7.73
2/25/2019,3/1/2019,Android Tablet,1,309,577,8.02
11/26/2018,11/1/2018,Audible WfV,1,307,462,7.52
4/15/2019,4/1/2019,Other,0,305,1233,7.67
6/4/2018,6/1/2018,Audible WfV,1,303,500,7.63
1/28/2019,1/1/2019,Android Tablet,1,301,559,8.05
6/11/2018,6/1/2018,Audible WfV,1,295,500,7.64
10/22/2018,10/1/2018,Audible WfV,1,292,503,7.56
4/8/2019,4/1/2019,Audible WfV,1,291,506,7.61
4/1/2019,4/1/2019,Other,0,290,884,7.28
11/12/2018,11/1/2018,Audible WfV,1,289,536,7.65
5/21/2018,5/1/2018,Audible WfV,1,289,531,7.66
5/14/2018,5/1/2018,Audible WfV,1,289,489,7.62
11/26/2018,12/1/2018,K4Mac,1,288,402,7.85
9/17/2018,9/1/2018,Audible WfV,1,287,507,7.68
2/25/2019,2/1/2019,Fire tablet,1,286,625,7.99
12/31/2018,12/1/2018,Android Tablet,0,285,402,7.81
6/25/2018,7/1/2018,K4PC,1,283,339,7.79
11/5/2018,11/1/2018,Audible WfV,1,282,480,7.66
10/8/2018,10/1/2018,Audible WfV,1,280,457,7.56
4/29/2019,5/1/2019,Audible WfV,1,279,439,7.56
11/26/2018,12/1/2018,Android Tablet,1,277,464,7.78
1/7/2019,1/1/2019,Other,0,276,1033,7.48
4/29/2019,4/1/2019,K4Mac,0,275,348,8.05
4/29/2019,4/1/2019,iPad,1,270,411,7.8
6/18/2018,6/1/2018,Audible WfV,1,268,532,7.76
4/29/2019,4/1/2019,Android Phone,1,267,410,8
11/12/2018,11/1/2018,Other,0,267,968,7.3
12/31/2018,1/1/2019,Other,0,266,917,7.4
1/14/2019,1/1/2019,Other,0,266,993,7.38
3/4/2019,3/1/2019,Other,0,263,1101,7.44
3/18/2019,3/1/2019,Other,0,263,951,7.52
3/11/2019,3/1/2019,Other,0,262,1029,7.34
2/18/2019,2/1/2019,Other,0,262,1200,7.81
11/19/2018,11/1/2018,Other,0,261,1030,7.61
1/21/2019,1/1/2019,Other,0,259,1103,7.43
7/30/2018,7/1/2018,E-reader,1,254,487,8.26
3/25/2019,3/1/2019,Other,0,254,1013,7.37
4/8/2019,4/1/2019,Other,0,251,884,7.36
6/25/2018,6/1/2018,Audible WfV,1,250,404,7.57
10/29/2018,10/1/2018,Fire tablet,1,250,485,8.13
1/28/2019,2/1/2019,Audible WfV,1,249,355,7.5
7/30/2018,7/1/2018,K4PC,1,248,391,7.86
5/27/2019,5/1/2019,E-reader,1,246,806,7.99
2/11/2019,2/1/2019,Other,0,246,924,7.78
2/25/2019,2/1/2019,Android Tablet,1,244,504,7.77
2/4/2019,2/1/2019,Other,0,242,904,7.54
8/6/2018,8/1/2018,Other,0,242,978,7.57
5/20/2019,5/1/2019,Android Tablet,1,240,492,7.83
6/25/2018,7/1/2018,K4Mac,0,239,264,7.61
4/29/2019,5/1/2019,Android Tablet,1,238,503,7.84
5/20/2019,5/1/2019,Fire tablet,1,238,663,7.99
5/13/2019,5/1/2019,Android Tablet,1,236,499,7.85
8/20/2018,8/1/2018,Other,0,236,892,7.79
2/25/2019,3/1/2019,Audible WfV,1,235,324,7.38
8/27/2018,8/1/2018,Audible WfV,1,234,402,7.54
7/16/2018,7/1/2018,Other,0,233,850,7.36
12/24/2018,12/1/2018,Audible WfV,0,233,322,7.27
11/26/2018,12/1/2018,Audible WfV,1,232,286,7.21
4/29/2019,4/1/2019,Android Tablet,0,232,386,7.75
7/2/2018,7/1/2018,Other,0,230,782,7.53
10/29/2018,11/1/2018,Audible WfV,1,230,385,7.48
12/10/2018,12/1/2018,Other,0,230,851,7.48
4/29/2019,4/1/2019,K4PC,1,228,309,7.93
4/22/2019,4/1/2019,Other,0,225,810,7.39
5/6/2019,5/1/2019,Android Tablet,1,221,433,8.05
12/3/2018,12/1/2018,Other,0,220,796,7.29
12/31/2018,12/1/2018,iPad,1,218,305,7.51
5/20/2019,5/1/2019,Other,0,216,761,7.45
7/23/2018,7/1/2018,Other,0,216,857,7.5
6/25/2018,7/1/2018,Android Tablet,1,215,310,7.67
4/30/2018,5/1/2018,Audible WfV,1,214,385,7.58
10/29/2018,10/1/2018,E-reader,1,214,485,8.04
8/13/2018,8/1/2018,Other,0,212,697,7.45
9/10/2018,9/1/2018,Other,0,209,718,7.37
1/28/2019,1/1/2019,Audible WfV,1,207,319,7.51
9/3/2018,9/1/2018,Other,0,205,709,7.47
12/24/2018,12/1/2018,Alexa,1,205,260,6.82
9/17/2018,9/1/2018,Other,0,201,805,7.25
5/27/2019,5/1/2019,Audible WfV,1,200,310,7.36
5/13/2019,5/1/2019,Other,0,200,828,7.6
5/7/2018,5/1/2018,Other,0,199,689,7.76
6/18/2018,6/1/2018,Other,0,196,770,7.36
1/28/2019,1/1/2019,Other,0,194,754,7.45
5/14/2018,5/1/2018,Other,0,192,668,7.8
5/21/2018,5/1/2018,Other,0,192,797,7.88
2/25/2019,2/1/2019,Audible WfV,1,192,303,7.36
7/9/2018,7/1/2018,Other,0,191,765,7.44
11/5/2018,11/1/2018,Other,0,190,583,7.31
12/17/2018,12/1/2018,Other,0,188,594,7.24
6/11/2018,6/1/2018,Other,0,184,630,7.27
12/31/2018,12/1/2018,Android Phone,1,183,243,7.62
9/24/2018,9/1/2018,Other,0,181,781,7.53
2/25/2019,2/1/2019,Other,0,179,583,7.16
10/8/2018,10/1/2018,Other,0,179,680,7.32
10/1/2018,10/1/2018,Other,0,178,749,7.52
6/25/2018,7/1/2018,K4Mac,1,177,196,7.3
10/22/2018,10/1/2018,Other,0,176,658,7.25
8/27/2018,9/1/2018,Audible WfV,1,175,223,7.15
6/25/2018,6/1/2018,Other,0,175,653,7.24
7/30/2018,8/1/2018,Other,0,172,631,7.39
11/26/2018,11/1/2018,Other,0,170,553,7.08
5/28/2018,6/1/2018,Audible WfV,1,169,249,7.32
12/31/2018,12/1/2018,E-reader,1,169,268,7.84
7/30/2018,7/1/2018,Fire tablet,1,168,301,7.96
6/4/2018,6/1/2018,Other,0,167,641,7.3
5/27/2019,5/1/2019,Fire tablet,1,167,401,7.97
7/30/2018,7/1/2018,K4Mac,0,163,213,7.68
1/28/2019,2/1/2019,Other,0,161,584,7.31
7/30/2018,7/1/2018,Android Tablet,1,161,278,7.67
2/25/2019,3/1/2019,Other,0,160,602,7.31
5/6/2019,5/1/2019,Other,0,158,638,7.27
4/29/2019,5/1/2019,Other,0,157,616,7.27
4/29/2019,4/1/2019,K4Mac,1,156,197,7.63
5/28/2018,5/1/2018,Audible WfV,1,155,212,7.25
10/15/2018,10/1/2018,Other,0,151,672,7.31
8/27/2018,8/1/2018,Other,0,148,462,7.11
12/31/2018,12/1/2018,K4PC,0,146,221,7.44
10/29/2018,10/1/2018,Android Tablet,1,142,249,7.56
7/16/2018,7/1/2018,Alexa,1,142,217,6.77
4/30/2018,5/1/2018,Other,0,137,506,7.61
10/1/2018,10/1/2018,Audible WfV,1,131,164,7.29
7/30/2018,7/1/2018,K4Mac,1,131,192,7.54
5/27/2019,5/1/2019,Other,0,123,386,7.22
5/27/2019,5/1/2019,Android Tablet,1,118,208,7.3
10/29/2018,11/1/2018,Other,0,116,422,7.09
12/31/2018,12/1/2018,Fire tablet,1,113,166,7.13
5/28/2018,6/1/2018,Other,0,112,332,7.24
12/31/2018,1/1/2019,Alexa,1,111,138,6.7
4/29/2019,4/1/2019,Fire tablet,1,110,179,7.86
10/29/2018,10/1/2018,Audible WfV,1,105,155,7.15
9/24/2018,9/1/2018,Audible WfV,1,105,140,7.16
12/31/2018,12/1/2018,K4PC,1,97,132,7.06
4/29/2019,4/1/2019,E-reader,1,95,183,7.94
8/27/2018,9/1/2018,Other,0,93,311,6.92
5/28/2018,5/1/2018,Other,0,91,234,6.86
6/25/2018,7/1/2018,Audible WfV,1,90,100,6.92
12/31/2018,12/1/2018,K4Mac,0,87,110,7.27
11/26/2018,12/1/2018,Other,0,83,200,6.82
1/7/2019,1/1/2019,Alexa,1,80,132,6.88
7/30/2018,7/1/2018,Audible WfV,1,79,108,6.86
7/16/2018,7/1/2018,Other,1,76,214,7.06
5/20/2019,5/1/2019,Audible WfV,0,75,128,7.07
1/14/2019,1/1/2019,Alexa,1,73,117,6.66
5/13/2019,5/1/2019,Audible WfV,0,71,107,6.96
12/24/2018,12/1/2018,Other,1,70,176,7.02
1/21/2019,1/1/2019,Alexa,1,68,103,6.63
12/31/2018,1/1/2019,Audible WfV,0,66,88,6.82
5/6/2019,5/1/2019,Audible WfV,0,66,105,6.9
12/31/2018,12/1/2018,Android Tablet,1,65,90,7.19
4/29/2019,4/1/2019,Audible WfV,1,64,81,6.84
10/29/2018,10/1/2018,Other,0,63,167,6.46
7/23/2018,7/1/2018,Other,1,63,158,7.11
7/16/2018,7/1/2018,Audible WfV,0,63,92,6.92
7/2/2018,7/1/2018,Other,1,60,183,6.71
9/3/2018,9/1/2018,Other,1,60,157,6.97
8/6/2018,8/1/2018,Alexa,1,60,84,6.42
12/17/2018,12/1/2018,Audible WfV,0,59,83,6.77
4/29/2019,4/1/2019,Android Tablet,1,59,88,7.07
6/18/2018,6/1/2018,Other,1,57,226,7.16
12/17/2018,12/1/2018,Alexa,1,57,92,6.59
7/23/2018,7/1/2018,Alexa,1,57,71,6.22
12/24/2018,12/1/2018,Alexa,0,57,82,5.99
4/29/2019,4/1/2019,Other,0,56,190,6.5
7/9/2018,7/1/2018,Kindle Lite,0,55,107,7.08
5/7/2018,5/1/2018,Alexa,1,54,85,6.68
8/20/2018,8/1/2018,Alexa,1,54,73,6.5
12/3/2018,12/1/2018,Alexa,1,54,68,7.52
7/30/2018,7/1/2018,Other,0,54,201,6.75
10/1/2018,10/1/2018,Kindle Lite,0,54,75,6.77
4/30/2018,5/1/2018,Other,1,53,159,7.21
8/20/2018,8/1/2018,Other,1,52,190,7.18
5/14/2018,5/1/2018,Other,1,52,125,6.77
12/31/2018,12/1/2018,K4Mac,1,52,66,6.99
7/9/2018,7/1/2018,Other,1,51,201,6.79
5/27/2019,5/1/2019,Audible WfV,0,51,72,6.82
9/17/2018,9/1/2018,Other,1,50,140,7.01
5/14/2018,5/1/2018,Alexa,1,50,76,6.51
8/6/2018,8/1/2018,Other,1,50,201,6.76
6/4/2018,6/1/2018,Other,1,49,164,6.77
12/31/2018,12/1/2018,Audible WfV,1,49,53,6.73
6/11/2018,6/1/2018,Other,1,49,109,6.9
1/21/2019,1/1/2019,Audible WfV,0,48,91,6.92
1/21/2019,1/1/2019,Other,1,48,96,6.78
4/29/2019,5/1/2019,Audible WfV,0,48,69,6.84
6/25/2018,7/1/2018,Other,0,48,124,6.74
2/18/2019,2/1/2019,Alexa,1,48,67,6.54
12/10/2018,12/1/2018,Alexa,1,48,67,6.35
8/13/2018,8/1/2018,Alexa,1,47,89,6.62
6/25/2018,6/1/2018,Other,1,47,127,6.96
1/14/2019,1/1/2019,Audible WfV,0,46,83,7.04
9/24/2018,9/1/2018,Other,1,46,90,6.76
7/30/2018,8/1/2018,Other,1,46,126,7.21
2/4/2019,2/1/2019,Alexa,1,46,71,6.38
7/23/2018,7/1/2018,Audible WfV,0,46,83,6.76
9/24/2018,9/1/2018,Kindle Lite,0,45,58,6.53
5/28/2018,5/1/2018,Other,1,45,104,6.44
1/14/2019,1/1/2019,Other,1,45,140,6.7
12/3/2018,12/1/2018,Other,1,45,158,6.76
8/6/2018,8/1/2018,Kindle Lite,0,44,79,6.77
11/19/2018,11/1/2018,Audible WfV,0,44,60,6.77
12/31/2018,12/1/2018,Other,0,44,98,6.35
1/7/2019,1/1/2019,Other,1,44,96,6.74
12/31/2018,1/1/2019,Other,1,44,125,6.58
4/22/2019,4/1/2019,Audible WfV,0,44,76,6.89
12/3/2018,12/1/2018,Audible WfV,0,44,78,6.75
5/7/2018,5/1/2018,Other,1,43,117,6.96
9/3/2018,9/1/2018,Alexa,1,43,68,6.3
7/9/2018,7/1/2018,Alexa,1,42,73,6.31
12/17/2018,12/1/2018,Other,1,42,105,6.52
3/4/2019,3/1/2019,Audible WfV,0,42,74,6.77
9/3/2018,9/1/2018,Kindle Lite,0,42,71,6.73
10/8/2018,10/1/2018,Kindle Lite,0,42,56,6.57
3/11/2019,3/1/2019,Audible WfV,0,41,78,6.77
5/21/2018,5/1/2018,Alexa,1,41,65,6.23
11/26/2018,11/1/2018,Alexa,1,41,58,6.06
9/10/2018,9/1/2018,Audible WfV,0,41,74,6.97
5/14/2018,5/1/2018,Kindle Lite,0,41,58,6.86
6/18/2018,6/1/2018,Kindle Lite,0,41,57,6.87
12/10/2018,12/1/2018,Audible WfV,0,41,65,6.72
1/7/2019,1/1/2019,Audible WfV,0,40,67,6.68
7/16/2018,7/1/2018,Kindle Lite,0,40,73,6.56
2/4/2019,2/1/2019,Audible WfV,0,40,63,6.71
3/25/2019,3/1/2019,Audible WfV,0,40,72,6.65
6/4/2018,6/1/2018,Alexa,1,40,61,6.39
11/19/2018,11/1/2018,Alexa,1,40,48,6.13
12/17/2018,12/1/2018,Kindle Lite,0,39,69,6.82
11/5/2018,11/1/2018,Other,1,39,117,6.82
9/10/2018,9/1/2018,Alexa,1,39,65,6.45
2/11/2019,2/1/2019,Alexa,1,39,55,6.2
7/30/2018,8/1/2018,Alexa,1,39,59,6.41
7/23/2018,7/1/2018,Kindle Lite,0,38,54,6.64
3/18/2019,3/1/2019,Other,1,38,72,6.77
9/17/2018,9/1/2018,Audible WfV,0,38,77,6.99
6/25/2018,6/1/2018,Kindle Lite,0,38,57,6.33
12/24/2018,12/1/2018,Kindle Lite,0,38,67,6.49
2/4/2019,2/1/2019,Other,1,38,90,6.92
8/20/2018,8/1/2018,Audible WfV,0,38,66,6.81
2/18/2019,2/1/2019,Other,1,38,108,6.86
1/28/2019,1/1/2019,Alexa,1,37,45,5.95
10/1/2018,10/1/2018,Other,1,37,110,6.93
9/17/2018,9/1/2018,Kindle Lite,0,37,57,6.33
9/17/2018,9/1/2018,Alexa,1,37,55,6.15
8/20/2018,8/1/2018,Kindle Lite,0,37,63,6.67
3/11/2019,3/1/2019,Other,1,37,85,6.69
10/15/2018,10/1/2018,Alexa,1,37,57,6.4
11/26/2018,11/1/2018,Other,1,37,91,6.72
5/21/2018,5/1/2018,Other,1,37,88,6.89
8/13/2018,8/1/2018,Other,1,37,130,6.94
9/10/2018,9/1/2018,Other,1,36,84,6.68
9/24/2018,9/1/2018,Alexa,1,36,49,6.28
11/5/2018,11/1/2018,Audible WfV,0,36,59,6.79
8/13/2018,8/1/2018,Kindle Lite,0,36,60,6.81
10/15/2018,10/1/2018,Audible WfV,0,36,65,6.72
11/26/2018,11/1/2018,Audible WfV,0,36,48,6.43
10/8/2018,10/1/2018,Other,1,36,125,6.87
11/12/2018,11/1/2018,Kindle Lite,0,36,83,6.78
3/25/2019,3/1/2019,Alexa,1,36,45,6.23
7/2/2018,7/1/2018,Alexa,1,35,47,6.39
2/11/2019,2/1/2019,Other,1,35,107,6.67
4/8/2019,4/1/2019,Audible WfV,0,35,56,6.65
7/2/2018,7/1/2018,Kindle Lite,0,35,67,6.55
3/4/2019,3/1/2019,Other,1,35,81,6.75
8/27/2018,9/1/2018,Other,1,34,61,6.51
12/10/2018,12/1/2018,Kindle Lite,0,34,61,6.52
11/19/2018,11/1/2018,Other,1,34,102,6.57
1/14/2019,1/1/2019,Kindle Lite,0,34,62,6.69
2/11/2019,2/1/2019,Kindle Lite,0,34,68,6.7
3/11/2019,3/1/2019,Alexa,1,34,59,6.33
2/18/2019,2/1/2019,Audible WfV,0,34,67,6.78
6/4/2018,6/1/2018,Audible WfV,0,34,61,6.76
4/15/2019,4/1/2019,Audible WfV,0,34,63,6.78
11/12/2018,11/1/2018,Audible WfV,0,33,58,6.71
8/13/2018,8/1/2018,Audible WfV,0,33,60,7.02
8/27/2018,8/1/2018,Other,1,33,62,6.51
10/22/2018,10/1/2018,Alexa,1,33,57,6.26
10/1/2018,10/1/2018,Alexa,1,33,43,5.99
4/1/2019,4/1/2019,Other,1,33,132,6.64
10/22/2018,10/1/2018,Other,1,33,98,6.8
3/18/2019,3/1/2019,Audible WfV,0,33,79,7
12/10/2018,12/1/2018,Other,1,33,79,6.51
5/7/2018,5/1/2018,Kindle Lite,0,33,68,6.64
12/3/2018,12/1/2018,Kindle Lite,0,33,54,6.35
7/2/2018,7/1/2018,Audible WfV,0,33,49,6.66
4/8/2019,4/1/2019,Other,1,33,76,6.51
7/30/2018,8/1/2018,Audible WfV,0,33,48,6.59
5/7/2018,5/1/2018,Audible WfV,0,32,88,7.01
11/5/2018,11/1/2018,Kindle Lite,0,32,59,6.35
4/1/2019,4/1/2019,Alexa,1,32,54,6.19
1/21/2019,1/1/2019,Kindle Lite,0,32,66,6.26
6/11/2018,6/1/2018,Kindle Lite,0,32,84,6.35
4/15/2019,4/1/2019,Other,1,32,97,6.9
5/28/2018,6/1/2018,Other,1,32,78,6.92
5/6/2019,5/1/2019,Other,1,32,65,7.42
10/15/2018,10/1/2018,Kindle Lite,0,31,51,6.54
4/30/2018,5/1/2018,Alexa,1,31,43,6.37
12/31/2018,1/1/2019,Kindle Lite,0,31,51,6.65
6/18/2018,6/1/2018,Alexa,1,31,39,6.28
10/22/2018,10/1/2018,Kindle Lite,0,31,66,6.72
2/11/2019,2/1/2019,Audible WfV,0,31,45,6.46
6/18/2018,6/1/2018,Audible WfV,0,31,62,6.76
1/7/2019,1/1/2019,Kindle Lite,0,31,67,6.87
11/12/2018,11/1/2018,Other,1,31,68,6.35
10/15/2018,10/1/2018,Other,1,30,66,6.58
10/29/2018,11/1/2018,Other,1,30,75,6.41
5/20/2019,5/1/2019,Alexa,1,30,47,6.35
6/4/2018,6/1/2018,Kindle Lite,0,30,70,6.21
1/28/2019,2/1/2019,Alexa,1,30,45,6.16
10/8/2018,10/1/2018,Alexa,1,30,49,6.04
11/5/2018,11/1/2018,Alexa,1,29,40,6.17
9/3/2018,9/1/2018,Audible WfV,0,29,47,6.67
4/1/2019,4/1/2019,Audible WfV,0,29,65,6.75
2/18/2019,2/1/2019,Kindle Lite,0,29,90,6.77
6/11/2018,6/1/2018,Alexa,1,28,38,6.43
4/22/2019,4/1/2019,Other,1,28,96,6.77
6/11/2018,6/1/2018,Audible WfV,0,28,62,6.83
5/21/2018,5/1/2018,Kindle Lite,0,28,47,6.31
3/18/2019,3/1/2019,Alexa,1,28,43,6.38
3/4/2019,3/1/2019,Alexa,1,28,38,6.12
2/25/2019,2/1/2019,Audible WfV,0,27,41,6.45
11/26/2018,11/1/2018,Kindle Lite,0,27,51,6.93
10/8/2018,10/1/2018,Audible WfV,0,27,43,6.44
5/13/2019,5/1/2019,Alexa,1,27,34,6.41
11/26/2018,12/1/2018,Audible WfV,0,27,34,6.41
7/9/2018,7/1/2018,Audible WfV,0,27,44,6.57
4/8/2019,4/1/2019,Alexa,1,27,50,6.51
2/25/2019,3/1/2019,Audible WfV,0,27,35,6.49
4/29/2019,5/1/2019,Other,1,27,75,6.46
12/31/2018,1/1/2019,Alexa,0,26,28,5.87
2/4/2019,2/1/2019,Alexa,0,26,34,5.78
11/19/2018,11/1/2018,Kindle Lite,0,26,44,6.35
5/28/2018,5/1/2018,Kindle Lite,0,25,37,6.1
5/14/2018,5/1/2018,Audible WfV,0,25,35,6.37
8/27/2018,8/1/2018,Kindle Lite,0,25,52,6.48
2/25/2019,2/1/2019,Other,1,25,59,6.16
10/22/2018,10/1/2018,Audible WfV,0,24,34,6.24
8/6/2018,8/1/2018,Audible WfV,0,24,44,6.65
9/10/2018,9/1/2018,Kindle Lite,0,24,47,6.54
11/26/2018,12/1/2018,Alexa,1,24,28,5.85
5/28/2018,5/1/2018,Alexa,1,24,37,6.42
2/25/2019,3/1/2019,Alexa,1,23,27,6.19
1/28/2019,2/1/2019,Other,1,23,97,6.5
8/27/2018,8/1/2018,Audible WfV,0,23,35,6.02
8/27/2018,8/1/2018,Alexa,1,23,31,5.9
1/28/2019,1/1/2019,Other,1,23,37,6.14
11/12/2018,11/1/2018,Alexa,1,22,35,6.33
1/28/2019,1/1/2019,Kindle Lite,0,22,26,6.16
3/4/2019,3/1/2019,Kindle Lite,0,22,43,6.7
5/21/2018,5/1/2018,Audible WfV,0,22,38,6.58
4/22/2019,4/1/2019,Alexa,1,22,37,5.3
1/28/2019,1/1/2019,Audible WfV,0,21,29,6.4
7/30/2018,8/1/2018,Kindle Lite,0,21,37,6.16
5/28/2018,6/1/2018,Kindle Lite,0,21,38,6.53
4/30/2018,5/1/2018,Audible WfV,0,21,38,6.39
5/13/2019,5/1/2019,Other,1,21,72,6.46
3/25/2019,3/1/2019,Other,1,21,60,7.06
5/6/2019,5/1/2019,Alexa,1,20,31,5.89
10/29/2018,11/1/2018,Kindle Lite,0,20,34,6.3
5/20/2019,5/1/2019,Other,1,20,65,6.26
7/16/2018,7/1/2018,Alexa,0,20,24,5.42
5/28/2018,5/1/2018,Audible WfV,0,19,35,6.56
10/8/2018,10/1/2018,Kindle Web Reader,0,19,32,5.58
3/11/2019,3/1/2019,Kindle Web Reader,0,19,20,5.05
2/25/2019,3/1/2019,Other,1,19,47,6.04
1/7/2019,1/1/2019,Alexa,0,19,29,5.81
6/25/2018,6/1/2018,Alexa,1,18,25,5.63
12/10/2018,12/1/2018,Alexa,0,18,22,5.55
3/11/2019,3/1/2019,Kindle Lite,0,18,29,5.96
8/27/2018,9/1/2018,Audible WfV,0,18,30,6.43
10/29/2018,11/1/2018,Audible WfV,0,18,35,6.39
5/7/2018,5/1/2018,Alexa,0,18,22,5.53
1/28/2019,2/1/2019,Kindle Lite,0,18,21,6.43
4/30/2018,5/1/2018,Kindle Lite,0,18,45,6.66
5/14/2018,5/1/2018,Alexa,0,18,37,6.15
4/15/2019,4/1/2019,Alexa,1,18,25,5.78
9/24/2018,9/1/2018,Kindle Web Reader,0,17,22,5.48
5/20/2019,5/1/2019,Kindle Web Reader,0,17,64,5.76
5/28/2018,6/1/2018,Alexa,1,17,24,6.06
2/11/2019,2/1/2019,Kindle Web Reader,0,17,25,5.74
5/27/2019,5/1/2019,Other,1,17,50,6.6
1/28/2019,2/1/2019,Audible WfV,0,17,22,6.37
5/28/2018,6/1/2018,Audible WfV,0,17,26,6.49
10/29/2018,10/1/2018,Other,1,17,40,6.14
6/25/2018,6/1/2018,Audible WfV,0,17,27,6.25
5/13/2019,5/1/2019,Kindle Web Reader,0,16,24,5.39
4/29/2019,5/1/2019,Kindle Web Reader,0,16,109,6.35
9/3/2018,9/1/2018,Alexa,0,16,26,5.9
8/27/2018,9/1/2018,Alexa,1,16,26,6.09
11/26/2018,12/1/2018,Kindle Lite,0,15,21,5.68
11/26/2018,12/1/2018,Other,1,15,27,6.29
9/10/2018,9/1/2018,Kindle Web Reader,0,15,16,5.32
9/17/2018,9/1/2018,Kindle Web Reader,0,15,18,5.15
2/4/2019,2/1/2019,Kindle Web Reader,0,15,15,4.63
3/18/2019,3/1/2019,Alexa,0,15,17,5.93
10/29/2018,11/1/2018,Alexa,1,15,19,5.88
12/3/2018,12/1/2018,Kindle Web Reader,0,14,18,4.96
5/20/2019,5/1/2019,Kindle Lite,0,14,47,6.5
2/4/2019,2/1/2019,Kindle Lite,0,14,27,6.35
6/25/2018,7/1/2018,Other,1,14,29,6.53
1/28/2019,1/1/2019,Alexa,0,14,19,5.71
9/10/2018,9/1/2018,Alexa,0,14,25,5.56
3/18/2019,3/1/2019,Kindle Lite,0,14,22,5.72
8/6/2018,8/1/2018,Alexa,0,14,22,5.87
5/27/2019,5/1/2019,Alexa,1,14,23,6.21
10/29/2018,10/1/2018,Kindle Lite,0,14,17,6.18
11/19/2018,11/1/2018,Alexa,0,14,20,5.48
6/4/2018,6/1/2018,Alexa,0,13,17,5.74
4/30/2018,5/1/2018,Kindle Web Reader,0,13,15,5.15
5/6/2019,5/1/2019,Kindle Lite,0,13,28,5.95
6/4/2018,6/1/2018,Kindle Web Reader,0,13,13,4.91
10/1/2018,10/1/2018,Kindle Lite,1,13,23,5.22
9/3/2018,9/1/2018,Kindle Web Reader,0,13,15,5.28
2/25/2019,2/1/2019,Alexa,1,13,18,5.35
7/30/2018,7/1/2018,Alexa,1,13,23,5.76
4/8/2019,4/1/2019,Kindle Web Reader,0,13,13,5.05
12/31/2018,1/1/2019,Kindle Web Reader,0,12,15,5.12
10/1/2018,10/1/2018,Kindle Web Reader,0,12,15,5.25
4/30/2018,5/1/2018,Alexa,0,12,14,4.86
4/22/2019,4/1/2019,Alexa,0,12,42,6.18
4/29/2019,4/1/2019,Audible WfV,0,12,18,6.07
4/22/2019,4/1/2019,Kindle Lite,0,12,21,5.93
10/29/2018,10/1/2018,Audible WfV,0,12,15,6.31
5/13/2019,5/1/2019,Kindle Lite,0,12,30,6.3
5/6/2019,5/1/2019,Kindle Web Reader,0,12,13,4.91
10/1/2018,10/1/2018,Audible WfV,0,12,16,6.31
9/17/2018,9/1/2018,Alexa,0,12,19,5.53
12/31/2018,12/1/2018,Other,1,12,16,5.54
2/25/2019,3/1/2019,Kindle Lite,0,12,26,5.59
3/25/2019,3/1/2019,Kindle Web Reader,0,12,14,4.84
1/21/2019,1/1/2019,Kindle Web Reader,0,12,12,5.42
4/1/2019,4/1/2019,Alexa,0,12,19,5.73
4/15/2019,4/1/2019,Kindle Lite,0,12,19,5.01
4/22/2019,4/1/2019,Kindle Web Reader,0,12,24,5.28
6/11/2018,6/1/2018,Alexa,0,11,12,5.96
5/27/2019,5/1/2019,Kindle Lite,0,11,18,6.33
11/12/2018,11/1/2018,Alexa,0,11,13,5.17
1/21/2019,1/1/2019,Alexa,0,11,14,4.91
5/7/2018,5/1/2018,Kindle Web Reader,0,11,11,5.1
8/13/2018,8/1/2018,Alexa,0,11,15,5.36
10/22/2018,10/1/2018,Kindle Lite,1,11,47,7.17
7/9/2018,7/1/2018,Kindle Web Reader,0,11,14,5.12
10/8/2018,10/1/2018,Alexa,0,11,14,5.58
7/2/2018,7/1/2018,Kindle Lite,1,11,20,6.29
4/8/2019,4/1/2019,Kindle Lite,0,11,20,6.02
8/27/2018,9/1/2018,Kindle Lite,0,11,22,6.65
3/25/2019,3/1/2019,Kindle Lite,0,11,15,6.43
12/31/2018,12/1/2018,Alexa,1,11,14,6.01
7/23/2018,7/1/2018,Alexa,0,11,14,5.97
7/30/2018,7/1/2018,Kindle Lite,0,11,19,5.22
3/4/2019,3/1/2019,Kindle Web Reader,0,11,15,5.02
4/29/2019,5/1/2019,Alexa,1,11,11,6.13
3/25/2019,3/1/2019,Kindle Lite,1,10,40,6.56
10/22/2018,10/1/2018,Alexa,0,10,12,5.81
5/6/2019,5/1/2019,Alexa,0,10,14,5.27
1/14/2019,1/1/2019,Alexa,0,10,11,5.62
1/7/2019,1/1/2019,Kindle Lite,1,10,36,6.23
5/27/2019,5/1/2019,Kindle Web Reader,0,10,20,5.24
9/24/2018,9/1/2018,Audible WfV,0,10,16,6.26
12/10/2018,12/1/2018,Kindle Web Reader,0,10,11,4.9
3/11/2019,3/1/2019,Alexa,0,10,13,5.87
4/29/2019,5/1/2019,Kindle Lite,0,10,21,5.88
2/25/2019,2/1/2019,Kindle Lite,0,10,17,5.28
6/25/2018,6/1/2018,Alexa,0,10,12,4.72
4/1/2019,4/1/2019,Kindle Lite,0,10,12,6.2
6/25/2018,7/1/2018,Kindle Lite,0,10,15,6.07
7/16/2018,7/1/2018,Kindle Web Reader,0,9,10,5.1
11/19/2018,11/1/2018,Kindle Web Reader,0,9,9,4.97
5/14/2018,5/1/2018,Kindle Web Reader,0,9,39,5.05
12/24/2018,12/1/2018,Kindle Lite,1,9,15,5.93
8/20/2018,8/1/2018,Kindle Lite,1,9,21,5.71
8/20/2018,8/1/2018,Alexa,0,9,11,5.17
12/24/2018,12/1/2018,Kindle Web Reader,0,9,9,4.61
2/25/2019,2/1/2019,Kindle Web Reader,0,9,10,4.97
10/29/2018,10/1/2018,Alexa,1,9,10,5.66
9/24/2018,9/1/2018,Alexa,0,9,15,5.63
4/15/2019,4/1/2019,Alexa,0,9,18,5.52
12/17/2018,12/1/2018,Alexa,0,9,9,4.54
8/13/2018,8/1/2018,Kindle Web Reader,0,9,11,4.76
11/12/2018,11/1/2018,Kindle Web Reader,0,9,9,4.63
3/25/2019,3/1/2019,Alexa,0,9,10,5.44
6/11/2018,6/1/2018,Kindle Web Reader,0,9,12,4.92
1/7/2019,1/1/2019,Kindle Web Reader,0,9,9,4.59
1/28/2019,2/1/2019,Alexa,0,9,10,5.98
9/24/2018,9/1/2018,Kindle Lite,1,8,11,5.86
11/5/2018,11/1/2018,Kindle Web Reader,0,8,8,5.14
1/28/2019,1/1/2019,Kindle Web Reader,0,8,8,4.9
12/31/2018,12/1/2018,Audible WfV,0,8,8,5.91
2/18/2019,2/1/2019,Alexa,0,8,9,5.32
1/14/2019,1/1/2019,Kindle Web Reader,0,8,8,4.5
7/2/2018,7/1/2018,Kindle Web Reader,0,8,11,4.86
6/18/2018,6/1/2018,Alexa,0,8,11,5.4
7/30/2018,8/1/2018,Kindle Lite,1,8,12,5.54
5/13/2019,5/1/2019,Alexa,0,8,8,5.2
11/26/2018,11/1/2018,Alexa,0,8,10,4.84
4/15/2019,4/1/2019,Kindle Web Reader,0,8,9,5.28
9/17/2018,9/1/2018,Kindle Lite,1,8,23,6.41
12/17/2018,12/1/2018,Kindle Lite,1,7,13,5.97
8/13/2018,8/1/2018,Kindle Lite,1,7,18,6.12
2/18/2019,2/1/2019,Kindle Web Reader,0,7,7,4.22
6/25/2018,7/1/2018,Audible WfV,0,7,7,5.67
5/21/2018,5/1/2018,Kindle Lite,1,7,12,5.07
3/4/2019,3/1/2019,Alexa,0,7,8,4.47
4/8/2019,4/1/2019,Alexa,0,7,10,5.39
5/20/2019,5/1/2019,Alexa,0,7,10,5.73
11/26/2018,12/1/2018,Alexa,0,7,8,5.6
2/11/2019,2/1/2019,Alexa,0,7,10,5.55
7/30/2018,7/1/2018,Other,1,7,23,5.68
10/1/2018,10/1/2018,Alexa,0,7,9,5.63
5/21/2018,5/1/2018,Alexa,0,7,9,5.58
7/2/2018,7/1/2018,Alexa,0,7,7,4.46
11/5/2018,11/1/2018,Alexa,0,7,8,4.14
4/15/2019,4/1/2019,Kindle Lite,1,6,6,6.56
10/29/2018,11/1/2018,Kindle Web Reader,0,6,36,5.77
2/25/2019,2/1/2019,Alexa,0,6,8,5.89
4/1/2019,4/1/2019,Kindle Web Reader,0,6,23,5.79
5/21/2018,5/1/2018,Kindle Web Reader,0,6,12,5.38
3/4/2019,3/1/2019,Kindle Lite,1,6,17,6.6
12/17/2018,12/1/2018,Kindle Web Reader,0,6,6,4.77
10/15/2018,10/1/2018,Kindle Lite,1,6,8,4.94
12/10/2018,12/1/2018,Kindle Lite,1,6,27,5.68
4/8/2019,4/1/2019,Kindle Lite,1,6,13,6.29
4/29/2019,4/1/2019,Other,1,6,19,5.73
7/23/2018,7/1/2018,Kindle Web Reader,0,6,7,4.34
7/30/2018,7/1/2018,Alexa,0,6,6,5.56
7/9/2018,7/1/2018,Alexa,0,6,10,4.84
1/14/2019,1/1/2019,Kindle Lite,1,6,17,5.76
10/22/2018,10/1/2018,Kindle Web Reader,0,6,6,4.95
6/25/2018,6/1/2018,Kindle Web Reader,0,6,6,4.65
12/3/2018,12/1/2018,Alexa,0,6,7,4.81
7/30/2018,7/1/2018,Audible WfV,0,6,9,5.69
6/11/2018,6/1/2018,Kindle Lite,1,6,9,5.91
5/14/2018,5/1/2018,Kindle Lite,1,6,9,5.02
8/27/2018,9/1/2018,Alexa,0,6,7,4.87
5/28/2018,6/1/2018,Alexa,0,6,10,4.7
7/9/2018,7/1/2018,Kindle Lite,1,5,11,5.38
1/21/2019,1/1/2019,Kindle Lite,1,5,7,6.35
4/29/2019,4/1/2019,Kindle Web Reader,0,5,5,4.39
10/8/2018,10/1/2018,Kindle Lite,1,5,29,6.93
6/25/2018,7/1/2018,Alexa,1,5,5,5.56
8/6/2018,8/1/2018,Kindle Web Reader,0,5,5,4.75
7/23/2018,7/1/2018,Kindle Lite,1,5,5,5.42
7/16/2018,7/1/2018,Kindle Lite,1,5,13,6.4
6/4/2018,6/1/2018,Kindle Lite,1,5,9,5.41
11/26/2018,11/1/2018,Kindle Web Reader,0,5,9,4.35
11/19/2018,11/1/2018,Kindle Lite,1,5,11,5.61
1/28/2019,2/1/2019,Kindle Web Reader,0,5,5,4.61
8/6/2018,8/1/2018,Kindle Lite,1,5,6,5.61
10/15/2018,10/1/2018,Alexa,0,5,5,5.58
11/5/2018,11/1/2018,Kindle Lite,1,5,9,4.99
10/15/2018,10/1/2018,Kindle Web Reader,1,4,6,5.48
5/28/2018,5/1/2018,Kindle Web Reader,0,4,10,4.04
5/6/2019,5/1/2019,Kindle Lite,1,4,10,5.89
2/25/2019,2/1/2019,Kindle Lite,1,4,5,4.21
3/18/2019,3/1/2019,Kindle Lite,1,4,8,6.24
11/26/2018,11/1/2018,Kindle Lite,1,4,10,4.97
5/28/2018,6/1/2018,Kindle Web Reader,0,4,4,4.79
9/10/2018,9/1/2018,Kindle Lite,1,4,9,6.6
2/25/2019,3/1/2019,Kindle Web Reader,0,4,5,5.01
12/3/2018,12/1/2018,Kindle Lite,1,4,10,5.38
8/20/2018,8/1/2018,Kindle Web Reader,0,4,4,4.12
4/29/2019,4/1/2019,Alexa,1,4,6,5.26
8/27/2018,9/1/2018,Kindle Web Reader,0,4,4,4.68
5/7/2018,5/1/2018,Kindle Lite,1,4,4,3.79
7/30/2018,8/1/2018,Kindle Web Reader,0,4,4,3.92
1/28/2019,1/1/2019,Kindle Lite,1,4,13,5.51
11/26/2018,12/1/2018,Kindle Web Reader,0,4,5,4.27
4/29/2019,5/1/2019,Alexa,0,4,7,5.02
3/11/2019,3/1/2019,Kindle Lite,1,4,9,5.85
5/28/2018,5/1/2018,Alexa,0,4,5,5.57
12/31/2018,12/1/2018,Kindle Lite,0,4,5,4.96
12/31/2018,1/1/2019,Kindle Lite,1,4,4,6.65
8/27/2018,8/1/2018,Alexa,0,4,5,4.57
4/29/2019,5/1/2019,Kindle Web Reader,1,3,17,5.24
10/29/2018,11/1/2018,Alexa,0,3,4,4.56
9/3/2018,9/1/2018,Kindle Lite,1,3,10,5.58
4/22/2019,4/1/2019,Kindle Lite,1,3,4,4.97
4/8/2019,4/1/2019,Kindle Web Reader,1,3,4,4.99
3/18/2019,3/1/2019,Kindle Web Reader,0,3,9,4.86
6/25/2018,6/1/2018,Kindle Lite,1,3,5,6.13
2/25/2019,3/1/2019,Alexa,0,3,3,3.63
2/18/2019,2/1/2019,Kindle Lite,1,3,12,3.89
6/18/2018,6/1/2018,Kindle Web Reader,0,3,3,2.45
5/27/2019,5/1/2019,Alexa,0,3,4,4.11
6/18/2018,6/1/2018,Kindle Web Reader,1,2,5,4.91
10/29/2018,11/1/2018,Kindle Lite,1,2,4,3.96
8/27/2018,8/1/2018,Kindle Web Reader,1,2,3,4.15
4/30/2018,5/1/2018,Kindle Lite,1,2,6,5.91
10/29/2018,10/1/2018,Kindle Lite,1,2,3,4.59
4/29/2019,5/1/2019,Kindle Lite,1,2,2,5.14
3/18/2019,3/1/2019,Kindle Web Reader,1,2,9,4.99
12/10/2018,12/1/2018,Kindle Web Reader,1,2,2,5.01
8/27/2018,8/1/2018,Kindle Web Reader,0,2,3,4.8
12/31/2018,12/1/2018,Alexa,0,2,3,2.87
7/30/2018,8/1/2018,Alexa,0,2,2,4.01
2/11/2019,2/1/2019,Kindle Lite,1,2,2,3.58
10/15/2018,10/1/2018,Kindle Web Reader,0,2,2,5.04
6/25/2018,7/1/2018,Kindle Lite,1,2,2,5.64
10/29/2018,10/1/2018,Kindle Web Reader,0,2,2,4.04
10/29/2018,10/1/2018,Alexa,0,2,2,2.86
8/13/2018,8/1/2018,Kindle Web Reader,1,2,8,5.57
5/28/2018,5/1/2018,Kindle Lite,1,2,3,3.83
1/28/2019,2/1/2019,Kindle Lite,1,2,4,4.27
2/25/2019,2/1/2019,Kindle Web Reader,1,2,3,4.13
4/29/2019,4/1/2019,Kindle Lite,0,2,3,4.45
8/27/2018,9/1/2018,Kindle Lite,1,2,2,4.09
5/6/2019,5/1/2019,Kindle Web Reader,1,2,6,4.73
4/30/2018,5/1/2018,Kindle Web Reader,1,2,9,4.87
7/30/2018,8/1/2018,Kindle Web Reader,1,1,1,4.68
5/20/2019,5/1/2019,Kindle Web Reader,1,1,5,5.33
6/4/2018,6/1/2018,Kindle Web Reader,1,1,19,5.59
5/28/2018,6/1/2018,Kindle Lite,1,1,2,4.21
5/27/2019,5/1/2019,Kindle Web Reader,1,1,2,4.95
4/1/2019,4/1/2019,Kindle Web Reader,1,1,2,2.33
8/6/2018,8/1/2018,Kindle Web Reader,1,1,1,4.05
7/2/2018,7/1/2018,Kindle Web Reader,1,1,1,4.02
11/26/2018,12/1/2018,Kindle Lite,1,1,1,5.38
5/21/2018,5/1/2018,Kindle Web Reader,1,1,1,4.06
1/7/2019,1/1/2019,Kindle Web Reader,1,1,2,3.57
9/17/2018,9/1/2018,Kindle Web Reader,1,1,1,4.13
4/29/2019,4/1/2019,Alexa,0,1,1,1.78
2/25/2019,3/1/2019,Kindle Web Reader,1,1,18,5.59
2/4/2019,2/1/2019,Kindle Web Reader,1,1,1,3.74
7/23/2018,7/1/2018,Kindle Web Reader,1,1,8,5.03
9/3/2018,9/1/2018,Kindle Web Reader,1,1,1,4.21
6/25/2018,7/1/2018,Alexa,0,1,1,3.74
7/30/2018,7/1/2018,Kindle Lite,1,1,3,4.12
11/12/2018,11/1/2018,Kindle Lite,1,1,2,4.58
4/22/2019,4/1/2019,Kindle Web Reader,1,1,3,4.23
5/14/2018,5/1/2018,Kindle Web Reader,1,1,1,4.13
9/24/2018,9/1/2018,Kindle Web Reader,1,1,1,4.32
7/9/2018,7/1/2018,Kindle Web Reader,1,1,2,4.15
5/20/2019,5/1/2019,Kindle Lite,1,1,2,4.3
4/1/2019,4/1/2019,Kindle Lite,1,1,37,7.08
6/11/2018,6/1/2018,Kindle Web Reader,1,1,1,3.77
5/13/2019,5/1/2019,Kindle Lite,1,1,1,1.93
10/29/2018,11/1/2018,Kindle Web Reader,1,1,24,2.96
8/27/2018,8/1/2018,Kindle Lite,1,1,2,4.24
2/11/2019,2/1/2019,Kindle Web Reader,1,1,1,4.64
